[     804ms] [ERROR] Failed to load resource: the server responded with a status of 404 () @ https://fonts.gstatic.com/s/ibmplexserif/v19/jizDREVNn1dOx-zrZ2X3pZvkTiUQ6SF-lPKgqWVL.woff2:0
[    3011ms] [INFO] 
    _____
 ___ |[]|_n__n_I_c
|___||__|###|____}
 O-O--O-O+++--O-O
****************************************
*                                      *
*           Enjoying Railway?          *
*                                      *
*         Want to ride with us?        *
*                                      *
*              Hop aboard,             *
*   the train is leaving the station!  *
*                                      *
*      https://railway.com/careers     *
*                                      *
****************************************
 @ https://railway.com/assets/main-DuqMA7Be.js:131
[    3011ms] [INFO] 
    _____
 ___ |[]|_n__n_I_c
|___||__|###|____}
 O-O--O-O+++--O-O
****************************************
*                                      *
*           Enjoying Railway?          *
*                                      *
*         Want to ride with us?        *
*                                      *
*              Hop aboard,             *
*   the train is leaving the station!  *
*                                      *
*      https://railway.com/careers     *
*                                      *
****************************************
 @ https://railway.com/assets/main-DuqMA7Be.js:169
[    3412ms] Error: Minified React error #418; visit https://reactjs.org/docs/error-decoder.html?invariant=418 for the full message or use the non-minified dev environment for full errors and additional helpful warnings.
    at Va (https://railway.com/assets/react-dom-CWIgXKDx.js:6:4758)
    at Wl (https://railway.com/assets/react-dom-CWIgXKDx.js:8:45043)
    at Pl (https://railway.com/assets/react-dom-CWIgXKDx.js:8:39294)
    at Nl (https://railway.com/assets/react-dom-CWIgXKDx.js:8:39267)
    at vl (https://railway.com/assets/react-dom-CWIgXKDx.js:8:34357)
    at te (https://railway.com/assets/react-dom-CWIgXKDx.js:1:1616)
    at MessagePort.se (https://railway.com/assets/react-dom-CWIgXKDx.js:1:1986)
[    3412ms] Error: Minified React error #418; visit https://reactjs.org/docs/error-decoder.html?invariant=418 for the full message or use the non-minified dev environment for full errors and additional helpful warnings.
    at Va (https://railway.com/assets/react-dom-CWIgXKDx.js:6:4758)
    at Wl (https://railway.com/assets/react-dom-CWIgXKDx.js:8:45043)
    at Pl (https://railway.com/assets/react-dom-CWIgXKDx.js:8:39294)
    at Nl (https://railway.com/assets/react-dom-CWIgXKDx.js:8:39267)
    at vl (https://railway.com/assets/react-dom-CWIgXKDx.js:8:34357)
    at te (https://railway.com/assets/react-dom-CWIgXKDx.js:1:1616)
    at MessagePort.se (https://railway.com/assets/react-dom-CWIgXKDx.js:1:1986)
[    3413ms] Error: Minified React error #418; visit https://reactjs.org/docs/error-decoder.html?invariant=418 for the full message or use the non-minified dev environment for full errors and additional helpful warnings.
    at Va (https://railway.com/assets/react-dom-CWIgXKDx.js:6:4758)
    at Wl (https://railway.com/assets/react-dom-CWIgXKDx.js:8:45043)
    at Pl (https://railway.com/assets/react-dom-CWIgXKDx.js:8:39294)
    at Nl (https://railway.com/assets/react-dom-CWIgXKDx.js:8:39267)
    at vl (https://railway.com/assets/react-dom-CWIgXKDx.js:8:34357)
    at te (https://railway.com/assets/react-dom-CWIgXKDx.js:1:1616)
    at MessagePort.se (https://railway.com/assets/react-dom-CWIgXKDx.js:1:1986)
[    3413ms] Error: Minified React error #418; visit https://reactjs.org/docs/error-decoder.html?invariant=418 for the full message or use the non-minified dev environment for full errors and additional helpful warnings.
    at Va (https://railway.com/assets/react-dom-CWIgXKDx.js:6:4758)
    at Wl (https://railway.com/assets/react-dom-CWIgXKDx.js:8:45043)
    at Pl (https://railway.com/assets/react-dom-CWIgXKDx.js:8:39294)
    at Nl (https://railway.com/assets/react-dom-CWIgXKDx.js:8:39267)
    at vl (https://railway.com/assets/react-dom-CWIgXKDx.js:8:34357)
    at te (https://railway.com/assets/react-dom-CWIgXKDx.js:1:1616)
    at MessagePort.se (https://railway.com/assets/react-dom-CWIgXKDx.js:1:1986)
[    3413ms] Error: Minified React error #418; visit https://reactjs.org/docs/error-decoder.html?invariant=418 for the full message or use the non-minified dev environment for full errors and additional helpful warnings.
    at Va (https://railway.com/assets/react-dom-CWIgXKDx.js:6:4758)
    at Wl (https://railway.com/assets/react-dom-CWIgXKDx.js:8:45043)
    at Pl (https://railway.com/assets/react-dom-CWIgXKDx.js:8:39294)
    at Nl (https://railway.com/assets/react-dom-CWIgXKDx.js:8:39267)
    at vl (https://railway.com/assets/react-dom-CWIgXKDx.js:8:34357)
    at te (https://railway.com/assets/react-dom-CWIgXKDx.js:1:1616)
    at MessagePort.se (https://railway.com/assets/react-dom-CWIgXKDx.js:1:1986)
[    3413ms] Error: Minified React error #418; visit https://reactjs.org/docs/error-decoder.html?invariant=418 for the full message or use the non-minified dev environment for full errors and additional helpful warnings.
    at Va (https://railway.com/assets/react-dom-CWIgXKDx.js:6:4758)
    at Wl (https://railway.com/assets/react-dom-CWIgXKDx.js:8:45043)
    at Pl (https://railway.com/assets/react-dom-CWIgXKDx.js:8:39294)
    at Nl (https://railway.com/assets/react-dom-CWIgXKDx.js:8:39267)
    at vl (https://railway.com/assets/react-dom-CWIgXKDx.js:8:34357)
    at te (https://railway.com/assets/react-dom-CWIgXKDx.js:1:1616)
    at MessagePort.se (https://railway.com/assets/react-dom-CWIgXKDx.js:1:1986)
[    3413ms] Error: Minified React error #418; visit https://reactjs.org/docs/error-decoder.html?invariant=418 for the full message or use the non-minified dev environment for full errors and additional helpful warnings.
    at Va (https://railway.com/assets/react-dom-CWIgXKDx.js:6:4758)
    at Wl (https://railway.com/assets/react-dom-CWIgXKDx.js:8:45043)
    at Pl (https://railway.com/assets/react-dom-CWIgXKDx.js:8:39294)
    at Nl (https://railway.com/assets/react-dom-CWIgXKDx.js:8:39267)
    at vl (https://railway.com/assets/react-dom-CWIgXKDx.js:8:34357)
    at te (https://railway.com/assets/react-dom-CWIgXKDx.js:1:1616)
    at MessagePort.se (https://railway.com/assets/react-dom-CWIgXKDx.js:1:1986)
[    3413ms] Error: Minified React error #418; visit https://reactjs.org/docs/error-decoder.html?invariant=418 for the full message or use the non-minified dev environment for full errors and additional helpful warnings.
    at Va (https://railway.com/assets/react-dom-CWIgXKDx.js:6:4758)
    at Wl (https://railway.com/assets/react-dom-CWIgXKDx.js:8:45043)
    at Pl (https://railway.com/assets/react-dom-CWIgXKDx.js:8:39294)
    at Nl (https://railway.com/assets/react-dom-CWIgXKDx.js:8:39267)
    at vl (https://railway.com/assets/react-dom-CWIgXKDx.js:8:34357)
    at te (https://railway.com/assets/react-dom-CWIgXKDx.js:1:1616)
    at MessagePort.se (https://railway.com/assets/react-dom-CWIgXKDx.js:1:1986)
[    3414ms] Error: Minified React error #418; visit https://reactjs.org/docs/error-decoder.html?invariant=418 for the full message or use the non-minified dev environment for full errors and additional helpful warnings.
    at Va (https://railway.com/assets/react-dom-CWIgXKDx.js:6:4758)
    at Wl (https://railway.com/assets/react-dom-CWIgXKDx.js:8:45043)
    at Pl (https://railway.com/assets/react-dom-CWIgXKDx.js:8:39294)
    at Nl (https://railway.com/assets/react-dom-CWIgXKDx.js:8:39267)
    at vl (https://railway.com/assets/react-dom-CWIgXKDx.js:8:34357)
    at te (https://railway.com/assets/react-dom-CWIgXKDx.js:1:1616)
    at MessagePort.se (https://railway.com/assets/react-dom-CWIgXKDx.js:1:1986)
[    3414ms] Error: Minified React error #418; visit https://reactjs.org/docs/error-decoder.html?invariant=418 for the full message or use the non-minified dev environment for full errors and additional helpful warnings.
    at Va (https://railway.com/assets/react-dom-CWIgXKDx.js:6:4758)
    at Wl (https://railway.com/assets/react-dom-CWIgXKDx.js:8:45043)
    at Pl (https://railway.com/assets/react-dom-CWIgXKDx.js:8:39294)
    at Nl (https://railway.com/assets/react-dom-CWIgXKDx.js:8:39267)
    at vl (https://railway.com/assets/react-dom-CWIgXKDx.js:8:34357)
    at te (https://railway.com/assets/react-dom-CWIgXKDx.js:1:1616)
    at MessagePort.se (https://railway.com/assets/react-dom-CWIgXKDx.js:1:1986)
[    3414ms] Error: Minified React error #418; visit https://reactjs.org/docs/error-decoder.html?invariant=418 for the full message or use the non-minified dev environment for full errors and additional helpful warnings.
    at Va (https://railway.com/assets/react-dom-CWIgXKDx.js:6:4758)
    at Wl (https://railway.com/assets/react-dom-CWIgXKDx.js:8:45043)
    at Pl (https://railway.com/assets/react-dom-CWIgXKDx.js:8:39294)
    at Nl (https://railway.com/assets/react-dom-CWIgXKDx.js:8:39267)
    at vl (https://railway.com/assets/react-dom-CWIgXKDx.js:8:34357)
    at te (https://railway.com/assets/react-dom-CWIgXKDx.js:1:1616)
    at MessagePort.se (https://railway.com/assets/react-dom-CWIgXKDx.js:1:1986)
[    3414ms] Error: Minified React error #418; visit https://reactjs.org/docs/error-decoder.html?invariant=418 for the full message or use the non-minified dev environment for full errors and additional helpful warnings.
    at Va (https://railway.com/assets/react-dom-CWIgXKDx.js:6:4758)
    at Wl (https://railway.com/assets/react-dom-CWIgXKDx.js:8:45043)
    at Pl (https://railway.com/assets/react-dom-CWIgXKDx.js:8:39294)
    at Nl (https://railway.com/assets/react-dom-CWIgXKDx.js:8:39267)
    at vl (https://railway.com/assets/react-dom-CWIgXKDx.js:8:34357)
    at te (https://railway.com/assets/react-dom-CWIgXKDx.js:1:1616)
    at MessagePort.se (https://railway.com/assets/react-dom-CWIgXKDx.js:1:1986)
[    3414ms] Error: Minified React error #418; visit https://reactjs.org/docs/error-decoder.html?invariant=418 for the full message or use the non-minified dev environment for full errors and additional helpful warnings.
    at Va (https://railway.com/assets/react-dom-CWIgXKDx.js:6:4758)
    at Wl (https://railway.com/assets/react-dom-CWIgXKDx.js:8:45043)
    at Pl (https://railway.com/assets/react-dom-CWIgXKDx.js:8:39294)
    at Nl (https://railway.com/assets/react-dom-CWIgXKDx.js:8:39267)
    at vl (https://railway.com/assets/react-dom-CWIgXKDx.js:8:34357)
    at te (https://railway.com/assets/react-dom-CWIgXKDx.js:1:1616)
    at MessagePort.se (https://railway.com/assets/react-dom-CWIgXKDx.js:1:1986)
[    3414ms] Error: Minified React error #418; visit https://reactjs.org/docs/error-decoder.html?invariant=418 for the full message or use the non-minified dev environment for full errors and additional helpful warnings.
    at Va (https://railway.com/assets/react-dom-CWIgXKDx.js:6:4758)
    at Wl (https://railway.com/assets/react-dom-CWIgXKDx.js:8:45043)
    at Pl (https://railway.com/assets/react-dom-CWIgXKDx.js:8:39294)
    at Nl (https://railway.com/assets/react-dom-CWIgXKDx.js:8:39267)
    at vl (https://railway.com/assets/react-dom-CWIgXKDx.js:8:34357)
    at te (https://railway.com/assets/react-dom-CWIgXKDx.js:1:1616)
    at MessagePort.se (https://railway.com/assets/react-dom-CWIgXKDx.js:1:1986)
[    3414ms] Error: Minified React error #418; visit https://reactjs.org/docs/error-decoder.html?invariant=418 for the full message or use the non-minified dev environment for full errors and additional helpful warnings.
    at Va (https://railway.com/assets/react-dom-CWIgXKDx.js:6:4758)
    at Wl (https://railway.com/assets/react-dom-CWIgXKDx.js:8:45043)
    at Pl (https://railway.com/assets/react-dom-CWIgXKDx.js:8:39294)
    at Nl (https://railway.com/assets/react-dom-CWIgXKDx.js:8:39267)
    at vl (https://railway.com/assets/react-dom-CWIgXKDx.js:8:34357)
    at te (https://railway.com/assets/react-dom-CWIgXKDx.js:1:1616)
    at MessagePort.se (https://railway.com/assets/react-dom-CWIgXKDx.js:1:1986)
[    3415ms] Error: Minified React error #418; visit https://reactjs.org/docs/error-decoder.html?invariant=418 for the full message or use the non-minified dev environment for full errors and additional helpful warnings.
    at Va (https://railway.com/assets/react-dom-CWIgXKDx.js:6:4758)
    at Wl (https://railway.com/assets/react-dom-CWIgXKDx.js:8:45043)
    at Pl (https://railway.com/assets/react-dom-CWIgXKDx.js:8:39294)
    at Nl (https://railway.com/assets/react-dom-CWIgXKDx.js:8:39267)
    at vl (https://railway.com/assets/react-dom-CWIgXKDx.js:8:34357)
    at te (https://railway.com/assets/react-dom-CWIgXKDx.js:1:1616)
    at MessagePort.se (https://railway.com/assets/react-dom-CWIgXKDx.js:1:1986)
[    3415ms] Error: Minified React error #418; visit https://reactjs.org/docs/error-decoder.html?invariant=418 for the full message or use the non-minified dev environment for full errors and additional helpful warnings.
    at Va (https://railway.com/assets/react-dom-CWIgXKDx.js:6:4758)
    at Wl (https://railway.com/assets/react-dom-CWIgXKDx.js:8:45043)
    at Pl (https://railway.com/assets/react-dom-CWIgXKDx.js:8:39294)
    at Nl (https://railway.com/assets/react-dom-CWIgXKDx.js:8:39267)
    at vl (https://railway.com/assets/react-dom-CWIgXKDx.js:8:34357)
    at te (https://railway.com/assets/react-dom-CWIgXKDx.js:1:1616)
    at MessagePort.se (https://railway.com/assets/react-dom-CWIgXKDx.js:1:1986)
[    3415ms] Error: Minified React error #418; visit https://reactjs.org/docs/error-decoder.html?invariant=418 for the full message or use the non-minified dev environment for full errors and additional helpful warnings.
    at Va (https://railway.com/assets/react-dom-CWIgXKDx.js:6:4758)
    at Wl (https://railway.com/assets/react-dom-CWIgXKDx.js:8:45043)
    at Pl (https://railway.com/assets/react-dom-CWIgXKDx.js:8:39294)
    at Nl (https://railway.com/assets/react-dom-CWIgXKDx.js:8:39267)
    at vl (https://railway.com/assets/react-dom-CWIgXKDx.js:8:34357)
    at te (https://railway.com/assets/react-dom-CWIgXKDx.js:1:1616)
    at MessagePort.se (https://railway.com/assets/react-dom-CWIgXKDx.js:1:1986)
[    3415ms] Error: Minified React error #418; visit https://reactjs.org/docs/error-decoder.html?invariant=418 for the full message or use the non-minified dev environment for full errors and additional helpful warnings.
    at Va (https://railway.com/assets/react-dom-CWIgXKDx.js:6:4758)
    at Wl (https://railway.com/assets/react-dom-CWIgXKDx.js:8:45043)
    at Pl (https://railway.com/assets/react-dom-CWIgXKDx.js:8:39294)
    at Nl (https://railway.com/assets/react-dom-CWIgXKDx.js:8:39267)
    at vl (https://railway.com/assets/react-dom-CWIgXKDx.js:8:34357)
    at te (https://railway.com/assets/react-dom-CWIgXKDx.js:1:1616)
    at MessagePort.se (https://railway.com/assets/react-dom-CWIgXKDx.js:1:1986)
[    3415ms] Error: Minified React error #418; visit https://reactjs.org/docs/error-decoder.html?invariant=418 for the full message or use the non-minified dev environment for full errors and additional helpful warnings.
    at Va (https://railway.com/assets/react-dom-CWIgXKDx.js:6:4758)
    at Wl (https://railway.com/assets/react-dom-CWIgXKDx.js:8:45043)
    at Pl (https://railway.com/assets/react-dom-CWIgXKDx.js:8:39294)
    at Nl (https://railway.com/assets/react-dom-CWIgXKDx.js:8:39267)
    at vl (https://railway.com/assets/react-dom-CWIgXKDx.js:8:34357)
    at te (https://railway.com/assets/react-dom-CWIgXKDx.js:1:1616)
    at MessagePort.se (https://railway.com/assets/react-dom-CWIgXKDx.js:1:1986)
[    3415ms] Error: Minified React error #418; visit https://reactjs.org/docs/error-decoder.html?invariant=418 for the full message or use the non-minified dev environment for full errors and additional helpful warnings.
    at Va (https://railway.com/assets/react-dom-CWIgXKDx.js:6:4758)
    at Wl (https://railway.com/assets/react-dom-CWIgXKDx.js:8:45043)
    at Pl (https://railway.com/assets/react-dom-CWIgXKDx.js:8:39294)
    at Nl (https://railway.com/assets/react-dom-CWIgXKDx.js:8:39267)
    at vl (https://railway.com/assets/react-dom-CWIgXKDx.js:8:34357)
    at te (https://railway.com/assets/react-dom-CWIgXKDx.js:1:1616)
    at MessagePort.se (https://railway.com/assets/react-dom-CWIgXKDx.js:1:1986)
[    3415ms] Error: Minified React error #418; visit https://reactjs.org/docs/error-decoder.html?invariant=418 for the full message or use the non-minified dev environment for full errors and additional helpful warnings.
    at Va (https://railway.com/assets/react-dom-CWIgXKDx.js:6:4758)
    at Wl (https://railway.com/assets/react-dom-CWIgXKDx.js:8:45043)
    at Pl (https://railway.com/assets/react-dom-CWIgXKDx.js:8:39294)
    at Nl (https://railway.com/assets/react-dom-CWIgXKDx.js:8:39267)
    at vl (https://railway.com/assets/react-dom-CWIgXKDx.js:8:34357)
    at te (https://railway.com/assets/react-dom-CWIgXKDx.js:1:1616)
    at MessagePort.se (https://railway.com/assets/react-dom-CWIgXKDx.js:1:1986)
[    3416ms] Error: Minified React error #418; visit https://reactjs.org/docs/error-decoder.html?invariant=418 for the full message or use the non-minified dev environment for full errors and additional helpful warnings.
    at Va (https://railway.com/assets/react-dom-CWIgXKDx.js:6:4758)
    at Wl (https://railway.com/assets/react-dom-CWIgXKDx.js:8:45043)
    at Pl (https://railway.com/assets/react-dom-CWIgXKDx.js:8:39294)
    at Nl (https://railway.com/assets/react-dom-CWIgXKDx.js:8:39267)
    at vl (https://railway.com/assets/react-dom-CWIgXKDx.js:8:34357)
    at te (https://railway.com/assets/react-dom-CWIgXKDx.js:1:1616)
    at MessagePort.se (https://railway.com/assets/react-dom-CWIgXKDx.js:1:1986)
[    3416ms] Error: Minified React error #418; visit https://reactjs.org/docs/error-decoder.html?invariant=418 for the full message or use the non-minified dev environment for full errors and additional helpful warnings.
    at Va (https://railway.com/assets/react-dom-CWIgXKDx.js:6:4758)
    at Wl (https://railway.com/assets/react-dom-CWIgXKDx.js:8:45043)
    at Pl (https://railway.com/assets/react-dom-CWIgXKDx.js:8:39294)
    at Nl (https://railway.com/assets/react-dom-CWIgXKDx.js:8:39267)
    at vl (https://railway.com/assets/react-dom-CWIgXKDx.js:8:34357)
    at te (https://railway.com/assets/react-dom-CWIgXKDx.js:1:1616)
    at MessagePort.se (https://railway.com/assets/react-dom-CWIgXKDx.js:1:1986)
[    3416ms] Error: Minified React error #418; visit https://reactjs.org/docs/error-decoder.html?invariant=418 for the full message or use the non-minified dev environment for full errors and additional helpful warnings.
    at Va (https://railway.com/assets/react-dom-CWIgXKDx.js:6:4758)
    at Wl (https://railway.com/assets/react-dom-CWIgXKDx.js:8:45043)
    at Pl (https://railway.com/assets/react-dom-CWIgXKDx.js:8:39294)
    at Nl (https://railway.com/assets/react-dom-CWIgXKDx.js:8:39267)
    at vl (https://railway.com/assets/react-dom-CWIgXKDx.js:8:34357)
    at te (https://railway.com/assets/react-dom-CWIgXKDx.js:1:1616)
    at MessagePort.se (https://railway.com/assets/react-dom-CWIgXKDx.js:1:1986)
[    3416ms] Error: Minified React error #418; visit https://reactjs.org/docs/error-decoder.html?invariant=418 for the full message or use the non-minified dev environment for full errors and additional helpful warnings.
    at Va (https://railway.com/assets/react-dom-CWIgXKDx.js:6:4758)
    at Wl (https://railway.com/assets/react-dom-CWIgXKDx.js:8:45043)
    at Pl (https://railway.com/assets/react-dom-CWIgXKDx.js:8:39294)
    at Nl (https://railway.com/assets/react-dom-CWIgXKDx.js:8:39267)
    at vl (https://railway.com/assets/react-dom-CWIgXKDx.js:8:34357)
    at te (https://railway.com/assets/react-dom-CWIgXKDx.js:1:1616)
    at MessagePort.se (https://railway.com/assets/react-dom-CWIgXKDx.js:1:1986)
[    3416ms] Error: Minified React error #418; visit https://reactjs.org/docs/error-decoder.html?invariant=418 for the full message or use the non-minified dev environment for full errors and additional helpful warnings.
    at Va (https://railway.com/assets/react-dom-CWIgXKDx.js:6:4758)
    at Wl (https://railway.com/assets/react-dom-CWIgXKDx.js:8:45043)
    at Pl (https://railway.com/assets/react-dom-CWIgXKDx.js:8:39294)
    at Nl (https://railway.com/assets/react-dom-CWIgXKDx.js:8:39267)
    at vl (https://railway.com/assets/react-dom-CWIgXKDx.js:8:34357)
    at te (https://railway.com/assets/react-dom-CWIgXKDx.js:1:1616)
    at MessagePort.se (https://railway.com/assets/react-dom-CWIgXKDx.js:1:1986)
[    3416ms] Error: Minified React error #418; visit https://reactjs.org/docs/error-decoder.html?invariant=418 for the full message or use the non-minified dev environment for full errors and additional helpful warnings.
    at Va (https://railway.com/assets/react-dom-CWIgXKDx.js:6:4758)
    at Wl (https://railway.com/assets/react-dom-CWIgXKDx.js:8:45043)
    at Pl (https://railway.com/assets/react-dom-CWIgXKDx.js:8:39294)
    at Nl (https://railway.com/assets/react-dom-CWIgXKDx.js:8:39267)
    at vl (https://railway.com/assets/react-dom-CWIgXKDx.js:8:34357)
    at te (https://railway.com/assets/react-dom-CWIgXKDx.js:1:1616)
    at MessagePort.se (https://railway.com/assets/react-dom-CWIgXKDx.js:1:1986)
[    3416ms] Error: Minified React error #418; visit https://reactjs.org/docs/error-decoder.html?invariant=418 for the full message or use the non-minified dev environment for full errors and additional helpful warnings.
    at Va (https://railway.com/assets/react-dom-CWIgXKDx.js:6:4758)
    at Wl (https://railway.com/assets/react-dom-CWIgXKDx.js:8:45043)
    at Pl (https://railway.com/assets/react-dom-CWIgXKDx.js:8:39294)
    at Nl (https://railway.com/assets/react-dom-CWIgXKDx.js:8:39267)
    at vl (https://railway.com/assets/react-dom-CWIgXKDx.js:8:34357)
    at te (https://railway.com/assets/react-dom-CWIgXKDx.js:1:1616)
    at MessagePort.se (https://railway.com/assets/react-dom-CWIgXKDx.js:1:1986)
[    3416ms] Error: Minified React error #418; visit https://reactjs.org/docs/error-decoder.html?invariant=418 for the full message or use the non-minified dev environment for full errors and additional helpful warnings.
    at Va (https://railway.com/assets/react-dom-CWIgXKDx.js:6:4758)
    at Wl (https://railway.com/assets/react-dom-CWIgXKDx.js:8:45043)
    at Pl (https://railway.com/assets/react-dom-CWIgXKDx.js:8:39294)
    at Nl (https://railway.com/assets/react-dom-CWIgXKDx.js:8:39267)
    at vl (https://railway.com/assets/react-dom-CWIgXKDx.js:8:34357)
    at te (https://railway.com/assets/react-dom-CWIgXKDx.js:1:1616)
    at MessagePort.se (https://railway.com/assets/react-dom-CWIgXKDx.js:1:1986)
[    3416ms] Error: Minified React error #418; visit https://reactjs.org/docs/error-decoder.html?invariant=418 for the full message or use the non-minified dev environment for full errors and additional helpful warnings.
    at Va (https://railway.com/assets/react-dom-CWIgXKDx.js:6:4758)
    at Wl (https://railway.com/assets/react-dom-CWIgXKDx.js:8:45043)
    at Pl (https://railway.com/assets/react-dom-CWIgXKDx.js:8:39294)
    at Nl (https://railway.com/assets/react-dom-CWIgXKDx.js:8:39267)
    at vl (https://railway.com/assets/react-dom-CWIgXKDx.js:8:34357)
    at te (https://railway.com/assets/react-dom-CWIgXKDx.js:1:1616)
    at MessagePort.se (https://railway.com/assets/react-dom-CWIgXKDx.js:1:1986)
[    3417ms] Error: Minified React error #418; visit https://reactjs.org/docs/error-decoder.html?invariant=418 for the full message or use the non-minified dev environment for full errors and additional helpful warnings.
    at Va (https://railway.com/assets/react-dom-CWIgXKDx.js:6:4758)
    at Wl (https://railway.com/assets/react-dom-CWIgXKDx.js:8:45043)
    at Pl (https://railway.com/assets/react-dom-CWIgXKDx.js:8:39294)
    at Nl (https://railway.com/assets/react-dom-CWIgXKDx.js:8:39267)
    at vl (https://railway.com/assets/react-dom-CWIgXKDx.js:8:34357)
    at te (https://railway.com/assets/react-dom-CWIgXKDx.js:1:1616)
    at MessagePort.se (https://railway.com/assets/react-dom-CWIgXKDx.js:1:1986)
[    3417ms] Error: Minified React error #418; visit https://reactjs.org/docs/error-decoder.html?invariant=418 for the full message or use the non-minified dev environment for full errors and additional helpful warnings.
    at Va (https://railway.com/assets/react-dom-CWIgXKDx.js:6:4758)
    at Wl (https://railway.com/assets/react-dom-CWIgXKDx.js:8:45043)
    at Pl (https://railway.com/assets/react-dom-CWIgXKDx.js:8:39294)
    at Nl (https://railway.com/assets/react-dom-CWIgXKDx.js:8:39267)
    at vl (https://railway.com/assets/react-dom-CWIgXKDx.js:8:34357)
    at te (https://railway.com/assets/react-dom-CWIgXKDx.js:1:1616)
    at MessagePort.se (https://railway.com/assets/react-dom-CWIgXKDx.js:1:1986)
[    3417ms] Error: Minified React error #418; visit https://reactjs.org/docs/error-decoder.html?invariant=418 for the full message or use the non-minified dev environment for full errors and additional helpful warnings.
    at Va (https://railway.com/assets/react-dom-CWIgXKDx.js:6:4758)
    at Wl (https://railway.com/assets/react-dom-CWIgXKDx.js:8:45043)
    at Pl (https://railway.com/assets/react-dom-CWIgXKDx.js:8:39294)
    at Nl (https://railway.com/assets/react-dom-CWIgXKDx.js:8:39267)
    at vl (https://railway.com/assets/react-dom-CWIgXKDx.js:8:34357)
    at te (https://railway.com/assets/react-dom-CWIgXKDx.js:1:1616)
    at MessagePort.se (https://railway.com/assets/react-dom-CWIgXKDx.js:1:1986)
[    3417ms] Error: Minified React error #418; visit https://reactjs.org/docs/error-decoder.html?invariant=418 for the full message or use the non-minified dev environment for full errors and additional helpful warnings.
    at Va (https://railway.com/assets/react-dom-CWIgXKDx.js:6:4758)
    at Wl (https://railway.com/assets/react-dom-CWIgXKDx.js:8:45043)
    at Pl (https://railway.com/assets/react-dom-CWIgXKDx.js:8:39294)
    at Nl (https://railway.com/assets/react-dom-CWIgXKDx.js:8:39267)
    at vl (https://railway.com/assets/react-dom-CWIgXKDx.js:8:34357)
    at te (https://railway.com/assets/react-dom-CWIgXKDx.js:1:1616)
    at MessagePort.se (https://railway.com/assets/react-dom-CWIgXKDx.js:1:1986)
[    3417ms] Error: Minified React error #418; visit https://reactjs.org/docs/error-decoder.html?invariant=418 for the full message or use the non-minified dev environment for full errors and additional helpful warnings.
    at Va (https://railway.com/assets/react-dom-CWIgXKDx.js:6:4758)
    at Wl (https://railway.com/assets/react-dom-CWIgXKDx.js:8:45043)
    at Pl (https://railway.com/assets/react-dom-CWIgXKDx.js:8:39294)
    at Nl (https://railway.com/assets/react-dom-CWIgXKDx.js:8:39267)
    at vl (https://railway.com/assets/react-dom-CWIgXKDx.js:8:34357)
    at te (https://railway.com/assets/react-dom-CWIgXKDx.js:1:1616)
    at MessagePort.se (https://railway.com/assets/react-dom-CWIgXKDx.js:1:1986)
[    3417ms] Error: Minified React error #418; visit https://reactjs.org/docs/error-decoder.html?invariant=418 for the full message or use the non-minified dev environment for full errors and additional helpful warnings.
    at Va (https://railway.com/assets/react-dom-CWIgXKDx.js:6:4758)
    at Wl (https://railway.com/assets/react-dom-CWIgXKDx.js:8:45043)
    at Pl (https://railway.com/assets/react-dom-CWIgXKDx.js:8:39294)
    at Nl (https://railway.com/assets/react-dom-CWIgXKDx.js:8:39267)
    at vl (https://railway.com/assets/react-dom-CWIgXKDx.js:8:34357)
    at te (https://railway.com/assets/react-dom-CWIgXKDx.js:1:1616)
    at MessagePort.se (https://railway.com/assets/react-dom-CWIgXKDx.js:1:1986)
[    3418ms] Error: Minified React error #418; visit https://reactjs.org/docs/error-decoder.html?invariant=418 for the full message or use the non-minified dev environment for full errors and additional helpful warnings.
    at Va (https://railway.com/assets/react-dom-CWIgXKDx.js:6:4758)
    at Wl (https://railway.com/assets/react-dom-CWIgXKDx.js:8:45043)
    at Pl (https://railway.com/assets/react-dom-CWIgXKDx.js:8:39294)
    at Nl (https://railway.com/assets/react-dom-CWIgXKDx.js:8:39267)
    at vl (https://railway.com/assets/react-dom-CWIgXKDx.js:8:34357)
    at te (https://railway.com/assets/react-dom-CWIgXKDx.js:1:1616)
    at MessagePort.se (https://railway.com/assets/react-dom-CWIgXKDx.js:1:1986)
[    3418ms] Error: Minified React error #418; visit https://reactjs.org/docs/error-decoder.html?invariant=418 for the full message or use the non-minified dev environment for full errors and additional helpful warnings.
    at Va (https://railway.com/assets/react-dom-CWIgXKDx.js:6:4758)
    at Wl (https://railway.com/assets/react-dom-CWIgXKDx.js:8:45043)
    at Pl (https://railway.com/assets/react-dom-CWIgXKDx.js:8:39294)
    at Nl (https://railway.com/assets/react-dom-CWIgXKDx.js:8:39267)
    at vl (https://railway.com/assets/react-dom-CWIgXKDx.js:8:34357)
    at te (https://railway.com/assets/react-dom-CWIgXKDx.js:1:1616)
    at MessagePort.se (https://railway.com/assets/react-dom-CWIgXKDx.js:1:1986)
[    3418ms] Error: Minified React error #418; visit https://reactjs.org/docs/error-decoder.html?invariant=418 for the full message or use the non-minified dev environment for full errors and additional helpful warnings.
    at Va (https://railway.com/assets/react-dom-CWIgXKDx.js:6:4758)
    at Wl (https://railway.com/assets/react-dom-CWIgXKDx.js:8:45043)
    at Pl (https://railway.com/assets/react-dom-CWIgXKDx.js:8:39294)
    at Nl (https://railway.com/assets/react-dom-CWIgXKDx.js:8:39267)
    at vl (https://railway.com/assets/react-dom-CWIgXKDx.js:8:34357)
    at te (https://railway.com/assets/react-dom-CWIgXKDx.js:1:1616)
    at MessagePort.se (https://railway.com/assets/react-dom-CWIgXKDx.js:1:1986)
[    3418ms] Error: Minified React error #418; visit https://reactjs.org/docs/error-decoder.html?invariant=418 for the full message or use the non-minified dev environment for full errors and additional helpful warnings.
    at Va (https://railway.com/assets/react-dom-CWIgXKDx.js:6:4758)
    at Wl (https://railway.com/assets/react-dom-CWIgXKDx.js:8:45043)
    at Pl (https://railway.com/assets/react-dom-CWIgXKDx.js:8:39294)
    at Nl (https://railway.com/assets/react-dom-CWIgXKDx.js:8:39267)
    at vl (https://railway.com/assets/react-dom-CWIgXKDx.js:8:34357)
    at te (https://railway.com/assets/react-dom-CWIgXKDx.js:1:1616)
    at MessagePort.se (https://railway.com/assets/react-dom-CWIgXKDx.js:1:1986)
[    3418ms] Error: Minified React error #418; visit https://reactjs.org/docs/error-decoder.html?invariant=418 for the full message or use the non-minified dev environment for full errors and additional helpful warnings.
    at Va (https://railway.com/assets/react-dom-CWIgXKDx.js:6:4758)
    at Wl (https://railway.com/assets/react-dom-CWIgXKDx.js:8:45043)
    at Pl (https://railway.com/assets/react-dom-CWIgXKDx.js:8:39294)
    at Nl (https://railway.com/assets/react-dom-CWIgXKDx.js:8:39267)
    at vl (https://railway.com/assets/react-dom-CWIgXKDx.js:8:34357)
    at te (https://railway.com/assets/react-dom-CWIgXKDx.js:1:1616)
    at MessagePort.se (https://railway.com/assets/react-dom-CWIgXKDx.js:1:1986)
[    3419ms] Error: Minified React error #418; visit https://reactjs.org/docs/error-decoder.html?invariant=418 for the full message or use the non-minified dev environment for full errors and additional helpful warnings.
    at Va (https://railway.com/assets/react-dom-CWIgXKDx.js:6:4758)
    at Wl (https://railway.com/assets/react-dom-CWIgXKDx.js:8:45043)
    at Pl (https://railway.com/assets/react-dom-CWIgXKDx.js:8:39294)
    at Nl (https://railway.com/assets/react-dom-CWIgXKDx.js:8:39267)
    at vl (https://railway.com/assets/react-dom-CWIgXKDx.js:8:34357)
    at te (https://railway.com/assets/react-dom-CWIgXKDx.js:1:1616)
    at MessagePort.se (https://railway.com/assets/react-dom-CWIgXKDx.js:1:1986)
[    3419ms] Error: Minified React error #418; visit https://reactjs.org/docs/error-decoder.html?invariant=418 for the full message or use the non-minified dev environment for full errors and additional helpful warnings.
    at Va (https://railway.com/assets/react-dom-CWIgXKDx.js:6:4758)
    at Wl (https://railway.com/assets/react-dom-CWIgXKDx.js:8:45043)
    at Pl (https://railway.com/assets/react-dom-CWIgXKDx.js:8:39294)
    at Nl (https://railway.com/assets/react-dom-CWIgXKDx.js:8:39267)
    at vl (https://railway.com/assets/react-dom-CWIgXKDx.js:8:34357)
    at te (https://railway.com/assets/react-dom-CWIgXKDx.js:1:1616)
    at MessagePort.se (https://railway.com/assets/react-dom-CWIgXKDx.js:1:1986)
[    3419ms] Error: Minified React error #418; visit https://reactjs.org/docs/error-decoder.html?invariant=418 for the full message or use the non-minified dev environment for full errors and additional helpful warnings.
    at Va (https://railway.com/assets/react-dom-CWIgXKDx.js:6:4758)
    at Wl (https://railway.com/assets/react-dom-CWIgXKDx.js:8:45043)
    at Pl (https://railway.com/assets/react-dom-CWIgXKDx.js:8:39294)
    at Nl (https://railway.com/assets/react-dom-CWIgXKDx.js:8:39267)
    at vl (https://railway.com/assets/react-dom-CWIgXKDx.js:8:34357)
    at te (https://railway.com/assets/react-dom-CWIgXKDx.js:1:1616)
    at MessagePort.se (https://railway.com/assets/react-dom-CWIgXKDx.js:1:1986)
[    3419ms] Error: Minified React error #418; visit https://reactjs.org/docs/error-decoder.html?invariant=418 for the full message or use the non-minified dev environment for full errors and additional helpful warnings.
    at Va (https://railway.com/assets/react-dom-CWIgXKDx.js:6:4758)
    at Wl (https://railway.com/assets/react-dom-CWIgXKDx.js:8:45043)
    at Pl (https://railway.com/assets/react-dom-CWIgXKDx.js:8:39294)
    at Nl (https://railway.com/assets/react-dom-CWIgXKDx.js:8:39267)
    at vl (https://railway.com/assets/react-dom-CWIgXKDx.js:8:34357)
    at te (https://railway.com/assets/react-dom-CWIgXKDx.js:1:1616)
    at MessagePort.se (https://railway.com/assets/react-dom-CWIgXKDx.js:1:1986)
[    3419ms] Error: Minified React error #418; visit https://reactjs.org/docs/error-decoder.html?invariant=418 for the full message or use the non-minified dev environment for full errors and additional helpful warnings.
    at Va (https://railway.com/assets/react-dom-CWIgXKDx.js:6:4758)
    at Wl (https://railway.com/assets/react-dom-CWIgXKDx.js:8:45043)
    at Pl (https://railway.com/assets/react-dom-CWIgXKDx.js:8:39294)
    at Nl (https://railway.com/assets/react-dom-CWIgXKDx.js:8:39267)
    at vl (https://railway.com/assets/react-dom-CWIgXKDx.js:8:34357)
    at te (https://railway.com/assets/react-dom-CWIgXKDx.js:1:1616)
    at MessagePort.se (https://railway.com/assets/react-dom-CWIgXKDx.js:1:1986)
[    3419ms] Error: Minified React error #418; visit https://reactjs.org/docs/error-decoder.html?invariant=418 for the full message or use the non-minified dev environment for full errors and additional helpful warnings.
    at Va (https://railway.com/assets/react-dom-CWIgXKDx.js:6:4758)
    at Wl (https://railway.com/assets/react-dom-CWIgXKDx.js:8:45043)
    at Pl (https://railway.com/assets/react-dom-CWIgXKDx.js:8:39294)
    at Nl (https://railway.com/assets/react-dom-CWIgXKDx.js:8:39267)
    at vl (https://railway.com/assets/react-dom-CWIgXKDx.js:8:34357)
    at te (https://railway.com/assets/react-dom-CWIgXKDx.js:1:1616)
    at MessagePort.se (https://railway.com/assets/react-dom-CWIgXKDx.js:1:1986)
[    3419ms] Error: Minified React error #418; visit https://reactjs.org/docs/error-decoder.html?invariant=418 for the full message or use the non-minified dev environment for full errors and additional helpful warnings.
    at Va (https://railway.com/assets/react-dom-CWIgXKDx.js:6:4758)
    at Wl (https://railway.com/assets/react-dom-CWIgXKDx.js:8:45043)
    at Pl (https://railway.com/assets/react-dom-CWIgXKDx.js:8:39294)
    at Nl (https://railway.com/assets/react-dom-CWIgXKDx.js:8:39267)
    at vl (https://railway.com/assets/react-dom-CWIgXKDx.js:8:34357)
    at te (https://railway.com/assets/react-dom-CWIgXKDx.js:1:1616)
    at MessagePort.se (https://railway.com/assets/react-dom-CWIgXKDx.js:1:1986)
[    3419ms] Error: Minified React error #418; visit https://reactjs.org/docs/error-decoder.html?invariant=418 for the full message or use the non-minified dev environment for full errors and additional helpful warnings.
    at Va (https://railway.com/assets/react-dom-CWIgXKDx.js:6:4758)
    at Wl (https://railway.com/assets/react-dom-CWIgXKDx.js:8:45043)
    at Pl (https://railway.com/assets/react-dom-CWIgXKDx.js:8:39294)
    at Nl (https://railway.com/assets/react-dom-CWIgXKDx.js:8:39267)
    at vl (https://railway.com/assets/react-dom-CWIgXKDx.js:8:34357)
    at te (https://railway.com/assets/react-dom-CWIgXKDx.js:1:1616)
    at MessagePort.se (https://railway.com/assets/react-dom-CWIgXKDx.js:1:1986)
[    3420ms] Error: Minified React error #418; visit https://reactjs.org/docs/error-decoder.html?invariant=418 for the full message or use the non-minified dev environment for full errors and additional helpful warnings.
    at Va (https://railway.com/assets/react-dom-CWIgXKDx.js:6:4758)
    at Wl (https://railway.com/assets/react-dom-CWIgXKDx.js:8:45043)
    at Pl (https://railway.com/assets/react-dom-CWIgXKDx.js:8:39294)
    at Nl (https://railway.com/assets/react-dom-CWIgXKDx.js:8:39267)
    at vl (https://railway.com/assets/react-dom-CWIgXKDx.js:8:34357)
    at te (https://railway.com/assets/react-dom-CWIgXKDx.js:1:1616)
    at MessagePort.se (https://railway.com/assets/react-dom-CWIgXKDx.js:1:1986)
[    3420ms] Error: Minified React error #418; visit https://reactjs.org/docs/error-decoder.html?invariant=418 for the full message or use the non-minified dev environment for full errors and additional helpful warnings.
    at Va (https://railway.com/assets/react-dom-CWIgXKDx.js:6:4758)
    at Wl (https://railway.com/assets/react-dom-CWIgXKDx.js:8:45043)
    at Pl (https://railway.com/assets/react-dom-CWIgXKDx.js:8:39294)
    at Nl (https://railway.com/assets/react-dom-CWIgXKDx.js:8:39267)
    at vl (https://railway.com/assets/react-dom-CWIgXKDx.js:8:34357)
    at te (https://railway.com/assets/react-dom-CWIgXKDx.js:1:1616)
    at MessagePort.se (https://railway.com/assets/react-dom-CWIgXKDx.js:1:1986)
[    3420ms] Error: Minified React error #418; visit https://reactjs.org/docs/error-decoder.html?invariant=418 for the full message or use the non-minified dev environment for full errors and additional helpful warnings.
    at Va (https://railway.com/assets/react-dom-CWIgXKDx.js:6:4758)
    at Wl (https://railway.com/assets/react-dom-CWIgXKDx.js:8:45043)
    at Pl (https://railway.com/assets/react-dom-CWIgXKDx.js:8:39294)
    at Nl (https://railway.com/assets/react-dom-CWIgXKDx.js:8:39267)
    at vl (https://railway.com/assets/react-dom-CWIgXKDx.js:8:34357)
    at te (https://railway.com/assets/react-dom-CWIgXKDx.js:1:1616)
    at MessagePort.se (https://railway.com/assets/react-dom-CWIgXKDx.js:1:1986)
[    3420ms] Error: Minified React error #418; visit https://reactjs.org/docs/error-decoder.html?invariant=418 for the full message or use the non-minified dev environment for full errors and additional helpful warnings.
    at Va (https://railway.com/assets/react-dom-CWIgXKDx.js:6:4758)
    at Wl (https://railway.com/assets/react-dom-CWIgXKDx.js:8:45043)
    at Pl (https://railway.com/assets/react-dom-CWIgXKDx.js:8:39294)
    at Nl (https://railway.com/assets/react-dom-CWIgXKDx.js:8:39267)
    at vl (https://railway.com/assets/react-dom-CWIgXKDx.js:8:34357)
    at te (https://railway.com/assets/react-dom-CWIgXKDx.js:1:1616)
    at MessagePort.se (https://railway.com/assets/react-dom-CWIgXKDx.js:1:1986)
[    3420ms] Error: Minified React error #418; visit https://reactjs.org/docs/error-decoder.html?invariant=418 for the full message or use the non-minified dev environment for full errors and additional helpful warnings.
    at Va (https://railway.com/assets/react-dom-CWIgXKDx.js:6:4758)
    at Wl (https://railway.com/assets/react-dom-CWIgXKDx.js:8:45043)
    at Pl (https://railway.com/assets/react-dom-CWIgXKDx.js:8:39294)
    at Nl (https://railway.com/assets/react-dom-CWIgXKDx.js:8:39267)
    at vl (https://railway.com/assets/react-dom-CWIgXKDx.js:8:34357)
    at te (https://railway.com/assets/react-dom-CWIgXKDx.js:1:1616)
    at MessagePort.se (https://railway.com/assets/react-dom-CWIgXKDx.js:1:1986)
[    3420ms] Error: Minified React error #418; visit https://reactjs.org/docs/error-decoder.html?invariant=418 for the full message or use the non-minified dev environment for full errors and additional helpful warnings.
    at Va (https://railway.com/assets/react-dom-CWIgXKDx.js:6:4758)
    at Wl (https://railway.com/assets/react-dom-CWIgXKDx.js:8:45043)
    at Pl (https://railway.com/assets/react-dom-CWIgXKDx.js:8:39294)
    at Nl (https://railway.com/assets/react-dom-CWIgXKDx.js:8:39267)
    at vl (https://railway.com/assets/react-dom-CWIgXKDx.js:8:34357)
    at te (https://railway.com/assets/react-dom-CWIgXKDx.js:1:1616)
    at MessagePort.se (https://railway.com/assets/react-dom-CWIgXKDx.js:1:1986)
[    3420ms] Error: Minified React error #418; visit https://reactjs.org/docs/error-decoder.html?invariant=418 for the full message or use the non-minified dev environment for full errors and additional helpful warnings.
    at Va (https://railway.com/assets/react-dom-CWIgXKDx.js:6:4758)
    at Wl (https://railway.com/assets/react-dom-CWIgXKDx.js:8:45043)
    at Pl (https://railway.com/assets/react-dom-CWIgXKDx.js:8:39294)
    at Nl (https://railway.com/assets/react-dom-CWIgXKDx.js:8:39267)
    at vl (https://railway.com/assets/react-dom-CWIgXKDx.js:8:34357)
    at te (https://railway.com/assets/react-dom-CWIgXKDx.js:1:1616)
    at MessagePort.se (https://railway.com/assets/react-dom-CWIgXKDx.js:1:1986)
[    3420ms] Error: Minified React error #418; visit https://reactjs.org/docs/error-decoder.html?invariant=418 for the full message or use the non-minified dev environment for full errors and additional helpful warnings.
    at Va (https://railway.com/assets/react-dom-CWIgXKDx.js:6:4758)
    at Wl (https://railway.com/assets/react-dom-CWIgXKDx.js:8:45043)
    at Pl (https://railway.com/assets/react-dom-CWIgXKDx.js:8:39294)
    at Nl (https://railway.com/assets/react-dom-CWIgXKDx.js:8:39267)
    at vl (https://railway.com/assets/react-dom-CWIgXKDx.js:8:34357)
    at te (https://railway.com/assets/react-dom-CWIgXKDx.js:1:1616)
    at MessagePort.se (https://railway.com/assets/react-dom-CWIgXKDx.js:1:1986)
[    3421ms] Error: Minified React error #418; visit https://reactjs.org/docs/error-decoder.html?invariant=418 for the full message or use the non-minified dev environment for full errors and additional helpful warnings.
    at Va (https://railway.com/assets/react-dom-CWIgXKDx.js:6:4758)
    at Wl (https://railway.com/assets/react-dom-CWIgXKDx.js:8:45043)
    at Pl (https://railway.com/assets/react-dom-CWIgXKDx.js:8:39294)
    at Nl (https://railway.com/assets/react-dom-CWIgXKDx.js:8:39267)
    at vl (https://railway.com/assets/react-dom-CWIgXKDx.js:8:34357)
    at te (https://railway.com/assets/react-dom-CWIgXKDx.js:1:1616)
    at MessagePort.se (https://railway.com/assets/react-dom-CWIgXKDx.js:1:1986)
[    3421ms] Error: Minified React error #418; visit https://reactjs.org/docs/error-decoder.html?invariant=418 for the full message or use the non-minified dev environment for full errors and additional helpful warnings.
    at Va (https://railway.com/assets/react-dom-CWIgXKDx.js:6:4758)
    at Wl (https://railway.com/assets/react-dom-CWIgXKDx.js:8:45043)
    at Pl (https://railway.com/assets/react-dom-CWIgXKDx.js:8:39294)
    at Nl (https://railway.com/assets/react-dom-CWIgXKDx.js:8:39267)
    at vl (https://railway.com/assets/react-dom-CWIgXKDx.js:8:34357)
    at te (https://railway.com/assets/react-dom-CWIgXKDx.js:1:1616)
    at MessagePort.se (https://railway.com/assets/react-dom-CWIgXKDx.js:1:1986)
[    3421ms] Error: Minified React error #418; visit https://reactjs.org/docs/error-decoder.html?invariant=418 for the full message or use the non-minified dev environment for full errors and additional helpful warnings.
    at Va (https://railway.com/assets/react-dom-CWIgXKDx.js:6:4758)
    at Wl (https://railway.com/assets/react-dom-CWIgXKDx.js:8:45043)
    at Pl (https://railway.com/assets/react-dom-CWIgXKDx.js:8:39294)
    at Nl (https://railway.com/assets/react-dom-CWIgXKDx.js:8:39267)
    at vl (https://railway.com/assets/react-dom-CWIgXKDx.js:8:34357)
    at te (https://railway.com/assets/react-dom-CWIgXKDx.js:1:1616)
    at MessagePort.se (https://railway.com/assets/react-dom-CWIgXKDx.js:1:1986)
[    3421ms] Error: Minified React error #418; visit https://reactjs.org/docs/error-decoder.html?invariant=418 for the full message or use the non-minified dev environment for full errors and additional helpful warnings.
    at Va (https://railway.com/assets/react-dom-CWIgXKDx.js:6:4758)
    at Wl (https://railway.com/assets/react-dom-CWIgXKDx.js:8:45043)
    at Pl (https://railway.com/assets/react-dom-CWIgXKDx.js:8:39294)
    at Nl (https://railway.com/assets/react-dom-CWIgXKDx.js:8:39267)
    at vl (https://railway.com/assets/react-dom-CWIgXKDx.js:8:34357)
    at te (https://railway.com/assets/react-dom-CWIgXKDx.js:1:1616)
    at MessagePort.se (https://railway.com/assets/react-dom-CWIgXKDx.js:1:1986)
[    3421ms] Error: Minified React error #418; visit https://reactjs.org/docs/error-decoder.html?invariant=418 for the full message or use the non-minified dev environment for full errors and additional helpful warnings.
    at Va (https://railway.com/assets/react-dom-CWIgXKDx.js:6:4758)
    at Wl (https://railway.com/assets/react-dom-CWIgXKDx.js:8:45043)
    at Pl (https://railway.com/assets/react-dom-CWIgXKDx.js:8:39294)
    at Nl (https://railway.com/assets/react-dom-CWIgXKDx.js:8:39267)
    at vl (https://railway.com/assets/react-dom-CWIgXKDx.js:8:34357)
    at te (https://railway.com/assets/react-dom-CWIgXKDx.js:1:1616)
    at MessagePort.se (https://railway.com/assets/react-dom-CWIgXKDx.js:1:1986)
[    3421ms] Error: Minified React error #418; visit https://reactjs.org/docs/error-decoder.html?invariant=418 for the full message or use the non-minified dev environment for full errors and additional helpful warnings.
    at Va (https://railway.com/assets/react-dom-CWIgXKDx.js:6:4758)
    at Wl (https://railway.com/assets/react-dom-CWIgXKDx.js:8:45043)
    at Pl (https://railway.com/assets/react-dom-CWIgXKDx.js:8:39294)
    at Nl (https://railway.com/assets/react-dom-CWIgXKDx.js:8:39267)
    at vl (https://railway.com/assets/react-dom-CWIgXKDx.js:8:34357)
    at te (https://railway.com/assets/react-dom-CWIgXKDx.js:1:1616)
    at MessagePort.se (https://railway.com/assets/react-dom-CWIgXKDx.js:1:1986)
[    3421ms] Error: Minified React error #418; visit https://reactjs.org/docs/error-decoder.html?invariant=418 for the full message or use the non-minified dev environment for full errors and additional helpful warnings.
    at Va (https://railway.com/assets/react-dom-CWIgXKDx.js:6:4758)
    at Wl (https://railway.com/assets/react-dom-CWIgXKDx.js:8:45043)
    at Pl (https://railway.com/assets/react-dom-CWIgXKDx.js:8:39294)
    at Nl (https://railway.com/assets/react-dom-CWIgXKDx.js:8:39267)
    at vl (https://railway.com/assets/react-dom-CWIgXKDx.js:8:34357)
    at te (https://railway.com/assets/react-dom-CWIgXKDx.js:1:1616)
    at MessagePort.se (https://railway.com/assets/react-dom-CWIgXKDx.js:1:1986)
[    3422ms] Error: Minified React error #418; visit https://reactjs.org/docs/error-decoder.html?invariant=418 for the full message or use the non-minified dev environment for full errors and additional helpful warnings.
    at Va (https://railway.com/assets/react-dom-CWIgXKDx.js:6:4758)
    at Wl (https://railway.com/assets/react-dom-CWIgXKDx.js:8:45043)
    at Pl (https://railway.com/assets/react-dom-CWIgXKDx.js:8:39294)
    at Nl (https://railway.com/assets/react-dom-CWIgXKDx.js:8:39267)
    at vl (https://railway.com/assets/react-dom-CWIgXKDx.js:8:34357)
    at te (https://railway.com/assets/react-dom-CWIgXKDx.js:1:1616)
    at MessagePort.se (https://railway.com/assets/react-dom-CWIgXKDx.js:1:1986)
[    3422ms] Error: Minified React error #418; visit https://reactjs.org/docs/error-decoder.html?invariant=418 for the full message or use the non-minified dev environment for full errors and additional helpful warnings.
    at Va (https://railway.com/assets/react-dom-CWIgXKDx.js:6:4758)
    at Wl (https://railway.com/assets/react-dom-CWIgXKDx.js:8:45043)
    at Pl (https://railway.com/assets/react-dom-CWIgXKDx.js:8:39294)
    at Nl (https://railway.com/assets/react-dom-CWIgXKDx.js:8:39267)
    at vl (https://railway.com/assets/react-dom-CWIgXKDx.js:8:34357)
    at te (https://railway.com/assets/react-dom-CWIgXKDx.js:1:1616)
    at MessagePort.se (https://railway.com/assets/react-dom-CWIgXKDx.js:1:1986)
[    3422ms] Error: Minified React error #418; visit https://reactjs.org/docs/error-decoder.html?invariant=418 for the full message or use the non-minified dev environment for full errors and additional helpful warnings.
    at Va (https://railway.com/assets/react-dom-CWIgXKDx.js:6:4758)
    at Wl (https://railway.com/assets/react-dom-CWIgXKDx.js:8:45043)
    at Pl (https://railway.com/assets/react-dom-CWIgXKDx.js:8:39294)
    at Nl (https://railway.com/assets/react-dom-CWIgXKDx.js:8:39267)
    at vl (https://railway.com/assets/react-dom-CWIgXKDx.js:8:34357)
    at te (https://railway.com/assets/react-dom-CWIgXKDx.js:1:1616)
    at MessagePort.se (https://railway.com/assets/react-dom-CWIgXKDx.js:1:1986)
[    3422ms] Error: Minified React error #418; visit https://reactjs.org/docs/error-decoder.html?invariant=418 for the full message or use the non-minified dev environment for full errors and additional helpful warnings.
    at Va (https://railway.com/assets/react-dom-CWIgXKDx.js:6:4758)
    at Wl (https://railway.com/assets/react-dom-CWIgXKDx.js:8:45043)
    at Pl (https://railway.com/assets/react-dom-CWIgXKDx.js:8:39294)
    at Nl (https://railway.com/assets/react-dom-CWIgXKDx.js:8:39267)
    at vl (https://railway.com/assets/react-dom-CWIgXKDx.js:8:34357)
    at te (https://railway.com/assets/react-dom-CWIgXKDx.js:1:1616)
    at MessagePort.se (https://railway.com/assets/react-dom-CWIgXKDx.js:1:1986)
[    3422ms] Error: Minified React error #418; visit https://reactjs.org/docs/error-decoder.html?invariant=418 for the full message or use the non-minified dev environment for full errors and additional helpful warnings.
    at Va (https://railway.com/assets/react-dom-CWIgXKDx.js:6:4758)
    at Wl (https://railway.com/assets/react-dom-CWIgXKDx.js:8:45043)
    at Pl (https://railway.com/assets/react-dom-CWIgXKDx.js:8:39294)
    at Nl (https://railway.com/assets/react-dom-CWIgXKDx.js:8:39267)
    at vl (https://railway.com/assets/react-dom-CWIgXKDx.js:8:34357)
    at te (https://railway.com/assets/react-dom-CWIgXKDx.js:1:1616)
    at MessagePort.se (https://railway.com/assets/react-dom-CWIgXKDx.js:1:1986)
[    3422ms] Error: Minified React error #418; visit https://reactjs.org/docs/error-decoder.html?invariant=418 for the full message or use the non-minified dev environment for full errors and additional helpful warnings.
    at Va (https://railway.com/assets/react-dom-CWIgXKDx.js:6:4758)
    at Wl (https://railway.com/assets/react-dom-CWIgXKDx.js:8:45043)
    at Pl (https://railway.com/assets/react-dom-CWIgXKDx.js:8:39294)
    at Nl (https://railway.com/assets/react-dom-CWIgXKDx.js:8:39267)
    at vl (https://railway.com/assets/react-dom-CWIgXKDx.js:8:34357)
    at te (https://railway.com/assets/react-dom-CWIgXKDx.js:1:1616)
    at MessagePort.se (https://railway.com/assets/react-dom-CWIgXKDx.js:1:1986)
[    3422ms] Error: Minified React error #418; visit https://reactjs.org/docs/error-decoder.html?invariant=418 for the full message or use the non-minified dev environment for full errors and additional helpful warnings.
    at Va (https://railway.com/assets/react-dom-CWIgXKDx.js:6:4758)
    at Wl (https://railway.com/assets/react-dom-CWIgXKDx.js:8:45043)
    at Pl (https://railway.com/assets/react-dom-CWIgXKDx.js:8:39294)
    at Nl (https://railway.com/assets/react-dom-CWIgXKDx.js:8:39267)
    at vl (https://railway.com/assets/react-dom-CWIgXKDx.js:8:34357)
    at te (https://railway.com/assets/react-dom-CWIgXKDx.js:1:1616)
    at MessagePort.se (https://railway.com/assets/react-dom-CWIgXKDx.js:1:1986)
[    3422ms] Error: Minified React error #418; visit https://reactjs.org/docs/error-decoder.html?invariant=418 for the full message or use the non-minified dev environment for full errors and additional helpful warnings.
    at Va (https://railway.com/assets/react-dom-CWIgXKDx.js:6:4758)
    at Wl (https://railway.com/assets/react-dom-CWIgXKDx.js:8:45043)
    at Pl (https://railway.com/assets/react-dom-CWIgXKDx.js:8:39294)
    at Nl (https://railway.com/assets/react-dom-CWIgXKDx.js:8:39267)
    at vl (https://railway.com/assets/react-dom-CWIgXKDx.js:8:34357)
    at te (https://railway.com/assets/react-dom-CWIgXKDx.js:1:1616)
    at MessagePort.se (https://railway.com/assets/react-dom-CWIgXKDx.js:1:1986)
[    3423ms] Error: Minified React error #418; visit https://reactjs.org/docs/error-decoder.html?invariant=418 for the full message or use the non-minified dev environment for full errors and additional helpful warnings.
    at Va (https://railway.com/assets/react-dom-CWIgXKDx.js:6:4758)
    at Wl (https://railway.com/assets/react-dom-CWIgXKDx.js:8:45043)
    at Pl (https://railway.com/assets/react-dom-CWIgXKDx.js:8:39294)
    at Nl (https://railway.com/assets/react-dom-CWIgXKDx.js:8:39267)
    at vl (https://railway.com/assets/react-dom-CWIgXKDx.js:8:34357)
    at te (https://railway.com/assets/react-dom-CWIgXKDx.js:1:1616)
    at MessagePort.se (https://railway.com/assets/react-dom-CWIgXKDx.js:1:1986)
[    3423ms] Error: Minified React error #418; visit https://reactjs.org/docs/error-decoder.html?invariant=418 for the full message or use the non-minified dev environment for full errors and additional helpful warnings.
    at Va (https://railway.com/assets/react-dom-CWIgXKDx.js:6:4758)
    at Wl (https://railway.com/assets/react-dom-CWIgXKDx.js:8:45043)
    at Pl (https://railway.com/assets/react-dom-CWIgXKDx.js:8:39294)
    at Nl (https://railway.com/assets/react-dom-CWIgXKDx.js:8:39267)
    at vl (https://railway.com/assets/react-dom-CWIgXKDx.js:8:34357)
    at te (https://railway.com/assets/react-dom-CWIgXKDx.js:1:1616)
    at MessagePort.se (https://railway.com/assets/react-dom-CWIgXKDx.js:1:1986)
[    3423ms] Error: Minified React error #418; visit https://reactjs.org/docs/error-decoder.html?invariant=418 for the full message or use the non-minified dev environment for full errors and additional helpful warnings.
    at Va (https://railway.com/assets/react-dom-CWIgXKDx.js:6:4758)
    at Wl (https://railway.com/assets/react-dom-CWIgXKDx.js:8:45043)
    at Pl (https://railway.com/assets/react-dom-CWIgXKDx.js:8:39294)
    at Nl (https://railway.com/assets/react-dom-CWIgXKDx.js:8:39267)
    at vl (https://railway.com/assets/react-dom-CWIgXKDx.js:8:34357)
    at te (https://railway.com/assets/react-dom-CWIgXKDx.js:1:1616)
    at MessagePort.se (https://railway.com/assets/react-dom-CWIgXKDx.js:1:1986)
[    3423ms] Error: Minified React error #418; visit https://reactjs.org/docs/error-decoder.html?invariant=418 for the full message or use the non-minified dev environment for full errors and additional helpful warnings.
    at Va (https://railway.com/assets/react-dom-CWIgXKDx.js:6:4758)
    at Wl (https://railway.com/assets/react-dom-CWIgXKDx.js:8:45043)
    at Pl (https://railway.com/assets/react-dom-CWIgXKDx.js:8:39294)
    at Nl (https://railway.com/assets/react-dom-CWIgXKDx.js:8:39267)
    at vl (https://railway.com/assets/react-dom-CWIgXKDx.js:8:34357)
    at te (https://railway.com/assets/react-dom-CWIgXKDx.js:1:1616)
    at MessagePort.se (https://railway.com/assets/react-dom-CWIgXKDx.js:1:1986)
[    3423ms] Error: Minified React error #418; visit https://reactjs.org/docs/error-decoder.html?invariant=418 for the full message or use the non-minified dev environment for full errors and additional helpful warnings.
    at Va (https://railway.com/assets/react-dom-CWIgXKDx.js:6:4758)
    at Wl (https://railway.com/assets/react-dom-CWIgXKDx.js:8:45043)
    at Pl (https://railway.com/assets/react-dom-CWIgXKDx.js:8:39294)
    at Nl (https://railway.com/assets/react-dom-CWIgXKDx.js:8:39267)
    at vl (https://railway.com/assets/react-dom-CWIgXKDx.js:8:34357)
    at te (https://railway.com/assets/react-dom-CWIgXKDx.js:1:1616)
    at MessagePort.se (https://railway.com/assets/react-dom-CWIgXKDx.js:1:1986)
[    3423ms] Error: Minified React error #418; visit https://reactjs.org/docs/error-decoder.html?invariant=418 for the full message or use the non-minified dev environment for full errors and additional helpful warnings.
    at Va (https://railway.com/assets/react-dom-CWIgXKDx.js:6:4758)
    at Wl (https://railway.com/assets/react-dom-CWIgXKDx.js:8:45043)
    at Pl (https://railway.com/assets/react-dom-CWIgXKDx.js:8:39294)
    at Nl (https://railway.com/assets/react-dom-CWIgXKDx.js:8:39267)
    at vl (https://railway.com/assets/react-dom-CWIgXKDx.js:8:34357)
    at te (https://railway.com/assets/react-dom-CWIgXKDx.js:1:1616)
    at MessagePort.se (https://railway.com/assets/react-dom-CWIgXKDx.js:1:1986)
[    3423ms] Error: Minified React error #418; visit https://reactjs.org/docs/error-decoder.html?invariant=418 for the full message or use the non-minified dev environment for full errors and additional helpful warnings.
    at Va (https://railway.com/assets/react-dom-CWIgXKDx.js:6:4758)
    at Wl (https://railway.com/assets/react-dom-CWIgXKDx.js:8:45043)
    at Pl (https://railway.com/assets/react-dom-CWIgXKDx.js:8:39294)
    at Nl (https://railway.com/assets/react-dom-CWIgXKDx.js:8:39267)
    at vl (https://railway.com/assets/react-dom-CWIgXKDx.js:8:34357)
    at te (https://railway.com/assets/react-dom-CWIgXKDx.js:1:1616)
    at MessagePort.se (https://railway.com/assets/react-dom-CWIgXKDx.js:1:1986)
[    3424ms] Error: Minified React error #418; visit https://reactjs.org/docs/error-decoder.html?invariant=418 for the full message or use the non-minified dev environment for full errors and additional helpful warnings.
    at Va (https://railway.com/assets/react-dom-CWIgXKDx.js:6:4758)
    at Wl (https://railway.com/assets/react-dom-CWIgXKDx.js:8:45043)
    at Pl (https://railway.com/assets/react-dom-CWIgXKDx.js:8:39294)
    at Nl (https://railway.com/assets/react-dom-CWIgXKDx.js:8:39267)
    at vl (https://railway.com/assets/react-dom-CWIgXKDx.js:8:34357)
    at te (https://railway.com/assets/react-dom-CWIgXKDx.js:1:1616)
    at MessagePort.se (https://railway.com/assets/react-dom-CWIgXKDx.js:1:1986)
[    3424ms] Error: Minified React error #418; visit https://reactjs.org/docs/error-decoder.html?invariant=418 for the full message or use the non-minified dev environment for full errors and additional helpful warnings.
    at Va (https://railway.com/assets/react-dom-CWIgXKDx.js:6:4758)
    at Wl (https://railway.com/assets/react-dom-CWIgXKDx.js:8:45043)
    at Pl (https://railway.com/assets/react-dom-CWIgXKDx.js:8:39294)
    at Nl (https://railway.com/assets/react-dom-CWIgXKDx.js:8:39267)
    at vl (https://railway.com/assets/react-dom-CWIgXKDx.js:8:34357)
    at te (https://railway.com/assets/react-dom-CWIgXKDx.js:1:1616)
    at MessagePort.se (https://railway.com/assets/react-dom-CWIgXKDx.js:1:1986)
[    3424ms] Error: Minified React error #418; visit https://reactjs.org/docs/error-decoder.html?invariant=418 for the full message or use the non-minified dev environment for full errors and additional helpful warnings.
    at Va (https://railway.com/assets/react-dom-CWIgXKDx.js:6:4758)
    at Wl (https://railway.com/assets/react-dom-CWIgXKDx.js:8:45043)
    at Pl (https://railway.com/assets/react-dom-CWIgXKDx.js:8:39294)
    at Nl (https://railway.com/assets/react-dom-CWIgXKDx.js:8:39267)
    at vl (https://railway.com/assets/react-dom-CWIgXKDx.js:8:34357)
    at te (https://railway.com/assets/react-dom-CWIgXKDx.js:1:1616)
    at MessagePort.se (https://railway.com/assets/react-dom-CWIgXKDx.js:1:1986)
[    3424ms] Error: Minified React error #418; visit https://reactjs.org/docs/error-decoder.html?invariant=418 for the full message or use the non-minified dev environment for full errors and additional helpful warnings.
    at Va (https://railway.com/assets/react-dom-CWIgXKDx.js:6:4758)
    at Wl (https://railway.com/assets/react-dom-CWIgXKDx.js:8:45043)
    at Pl (https://railway.com/assets/react-dom-CWIgXKDx.js:8:39294)
    at Nl (https://railway.com/assets/react-dom-CWIgXKDx.js:8:39267)
    at vl (https://railway.com/assets/react-dom-CWIgXKDx.js:8:34357)
    at te (https://railway.com/assets/react-dom-CWIgXKDx.js:1:1616)
    at MessagePort.se (https://railway.com/assets/react-dom-CWIgXKDx.js:1:1986)
[    3424ms] Error: Minified React error #418; visit https://reactjs.org/docs/error-decoder.html?invariant=418 for the full message or use the non-minified dev environment for full errors and additional helpful warnings.
    at Va (https://railway.com/assets/react-dom-CWIgXKDx.js:6:4758)
    at Wl (https://railway.com/assets/react-dom-CWIgXKDx.js:8:45043)
    at Pl (https://railway.com/assets/react-dom-CWIgXKDx.js:8:39294)
    at Nl (https://railway.com/assets/react-dom-CWIgXKDx.js:8:39267)
    at vl (https://railway.com/assets/react-dom-CWIgXKDx.js:8:34357)
    at te (https://railway.com/assets/react-dom-CWIgXKDx.js:1:1616)
    at MessagePort.se (https://railway.com/assets/react-dom-CWIgXKDx.js:1:1986)
[    3424ms] Error: Minified React error #418; visit https://reactjs.org/docs/error-decoder.html?invariant=418 for the full message or use the non-minified dev environment for full errors and additional helpful warnings.
    at Va (https://railway.com/assets/react-dom-CWIgXKDx.js:6:4758)
    at Wl (https://railway.com/assets/react-dom-CWIgXKDx.js:8:45043)
    at Pl (https://railway.com/assets/react-dom-CWIgXKDx.js:8:39294)
    at Nl (https://railway.com/assets/react-dom-CWIgXKDx.js:8:39267)
    at vl (https://railway.com/assets/react-dom-CWIgXKDx.js:8:34357)
    at te (https://railway.com/assets/react-dom-CWIgXKDx.js:1:1616)
    at MessagePort.se (https://railway.com/assets/react-dom-CWIgXKDx.js:1:1986)
[    3424ms] Error: Minified React error #418; visit https://reactjs.org/docs/error-decoder.html?invariant=418 for the full message or use the non-minified dev environment for full errors and additional helpful warnings.
    at Va (https://railway.com/assets/react-dom-CWIgXKDx.js:6:4758)
    at Wl (https://railway.com/assets/react-dom-CWIgXKDx.js:8:45043)
    at Pl (https://railway.com/assets/react-dom-CWIgXKDx.js:8:39294)
    at Nl (https://railway.com/assets/react-dom-CWIgXKDx.js:8:39267)
    at vl (https://railway.com/assets/react-dom-CWIgXKDx.js:8:34357)
    at te (https://railway.com/assets/react-dom-CWIgXKDx.js:1:1616)
    at MessagePort.se (https://railway.com/assets/react-dom-CWIgXKDx.js:1:1986)
[    3424ms] Error: Minified React error #418; visit https://reactjs.org/docs/error-decoder.html?invariant=418 for the full message or use the non-minified dev environment for full errors and additional helpful warnings.
    at Va (https://railway.com/assets/react-dom-CWIgXKDx.js:6:4758)
    at Wl (https://railway.com/assets/react-dom-CWIgXKDx.js:8:45043)
    at Pl (https://railway.com/assets/react-dom-CWIgXKDx.js:8:39294)
    at Nl (https://railway.com/assets/react-dom-CWIgXKDx.js:8:39267)
    at vl (https://railway.com/assets/react-dom-CWIgXKDx.js:8:34357)
    at te (https://railway.com/assets/react-dom-CWIgXKDx.js:1:1616)
    at MessagePort.se (https://railway.com/assets/react-dom-CWIgXKDx.js:1:1986)
[    3424ms] Error: Minified React error #418; visit https://reactjs.org/docs/error-decoder.html?invariant=418 for the full message or use the non-minified dev environment for full errors and additional helpful warnings.
    at Va (https://railway.com/assets/react-dom-CWIgXKDx.js:6:4758)
    at Wl (https://railway.com/assets/react-dom-CWIgXKDx.js:8:45043)
    at Pl (https://railway.com/assets/react-dom-CWIgXKDx.js:8:39294)
    at Nl (https://railway.com/assets/react-dom-CWIgXKDx.js:8:39267)
    at vl (https://railway.com/assets/react-dom-CWIgXKDx.js:8:34357)
    at te (https://railway.com/assets/react-dom-CWIgXKDx.js:1:1616)
    at MessagePort.se (https://railway.com/assets/react-dom-CWIgXKDx.js:1:1986)
[    3424ms] Error: Minified React error #418; visit https://reactjs.org/docs/error-decoder.html?invariant=418 for the full message or use the non-minified dev environment for full errors and additional helpful warnings.
    at Va (https://railway.com/assets/react-dom-CWIgXKDx.js:6:4758)
    at Wl (https://railway.com/assets/react-dom-CWIgXKDx.js:8:45043)
    at Pl (https://railway.com/assets/react-dom-CWIgXKDx.js:8:39294)
    at Nl (https://railway.com/assets/react-dom-CWIgXKDx.js:8:39267)
    at vl (https://railway.com/assets/react-dom-CWIgXKDx.js:8:34357)
    at te (https://railway.com/assets/react-dom-CWIgXKDx.js:1:1616)
    at MessagePort.se (https://railway.com/assets/react-dom-CWIgXKDx.js:1:1986)
[    3424ms] Error: Minified React error #418; visit https://reactjs.org/docs/error-decoder.html?invariant=418 for the full message or use the non-minified dev environment for full errors and additional helpful warnings.
    at Va (https://railway.com/assets/react-dom-CWIgXKDx.js:6:4758)
    at Wl (https://railway.com/assets/react-dom-CWIgXKDx.js:8:45043)
    at Pl (https://railway.com/assets/react-dom-CWIgXKDx.js:8:39294)
    at Nl (https://railway.com/assets/react-dom-CWIgXKDx.js:8:39267)
    at vl (https://railway.com/assets/react-dom-CWIgXKDx.js:8:34357)
    at te (https://railway.com/assets/react-dom-CWIgXKDx.js:1:1616)
    at MessagePort.se (https://railway.com/assets/react-dom-CWIgXKDx.js:1:1986)
[    3425ms] Error: Minified React error #418; visit https://reactjs.org/docs/error-decoder.html?invariant=418 for the full message or use the non-minified dev environment for full errors and additional helpful warnings.
    at Va (https://railway.com/assets/react-dom-CWIgXKDx.js:6:4758)
    at Wl (https://railway.com/assets/react-dom-CWIgXKDx.js:8:45043)
    at Pl (https://railway.com/assets/react-dom-CWIgXKDx.js:8:39294)
    at Nl (https://railway.com/assets/react-dom-CWIgXKDx.js:8:39267)
    at vl (https://railway.com/assets/react-dom-CWIgXKDx.js:8:34357)
    at te (https://railway.com/assets/react-dom-CWIgXKDx.js:1:1616)
    at MessagePort.se (https://railway.com/assets/react-dom-CWIgXKDx.js:1:1986)
[    3425ms] Error: Minified React error #418; visit https://reactjs.org/docs/error-decoder.html?invariant=418 for the full message or use the non-minified dev environment for full errors and additional helpful warnings.
    at Va (https://railway.com/assets/react-dom-CWIgXKDx.js:6:4758)
    at Wl (https://railway.com/assets/react-dom-CWIgXKDx.js:8:45043)
    at Pl (https://railway.com/assets/react-dom-CWIgXKDx.js:8:39294)
    at Nl (https://railway.com/assets/react-dom-CWIgXKDx.js:8:39267)
    at vl (https://railway.com/assets/react-dom-CWIgXKDx.js:8:34357)
    at te (https://railway.com/assets/react-dom-CWIgXKDx.js:1:1616)
    at MessagePort.se (https://railway.com/assets/react-dom-CWIgXKDx.js:1:1986)
[    3425ms] Error: Minified React error #418; visit https://reactjs.org/docs/error-decoder.html?invariant=418 for the full message or use the non-minified dev environment for full errors and additional helpful warnings.
    at Va (https://railway.com/assets/react-dom-CWIgXKDx.js:6:4758)
    at Wl (https://railway.com/assets/react-dom-CWIgXKDx.js:8:45043)
    at Pl (https://railway.com/assets/react-dom-CWIgXKDx.js:8:39294)
    at Nl (https://railway.com/assets/react-dom-CWIgXKDx.js:8:39267)
    at vl (https://railway.com/assets/react-dom-CWIgXKDx.js:8:34357)
    at te (https://railway.com/assets/react-dom-CWIgXKDx.js:1:1616)
    at MessagePort.se (https://railway.com/assets/react-dom-CWIgXKDx.js:1:1986)
[    3425ms] Error: Minified React error #418; visit https://reactjs.org/docs/error-decoder.html?invariant=418 for the full message or use the non-minified dev environment for full errors and additional helpful warnings.
    at Va (https://railway.com/assets/react-dom-CWIgXKDx.js:6:4758)
    at Wl (https://railway.com/assets/react-dom-CWIgXKDx.js:8:45043)
    at Pl (https://railway.com/assets/react-dom-CWIgXKDx.js:8:39294)
    at Nl (https://railway.com/assets/react-dom-CWIgXKDx.js:8:39267)
    at vl (https://railway.com/assets/react-dom-CWIgXKDx.js:8:34357)
    at te (https://railway.com/assets/react-dom-CWIgXKDx.js:1:1616)
    at MessagePort.se (https://railway.com/assets/react-dom-CWIgXKDx.js:1:1986)
[    3425ms] Error: Minified React error #418; visit https://reactjs.org/docs/error-decoder.html?invariant=418 for the full message or use the non-minified dev environment for full errors and additional helpful warnings.
    at Va (https://railway.com/assets/react-dom-CWIgXKDx.js:6:4758)
    at Wl (https://railway.com/assets/react-dom-CWIgXKDx.js:8:45043)
    at Pl (https://railway.com/assets/react-dom-CWIgXKDx.js:8:39294)
    at Nl (https://railway.com/assets/react-dom-CWIgXKDx.js:8:39267)
    at vl (https://railway.com/assets/react-dom-CWIgXKDx.js:8:34357)
    at te (https://railway.com/assets/react-dom-CWIgXKDx.js:1:1616)
    at MessagePort.se (https://railway.com/assets/react-dom-CWIgXKDx.js:1:1986)
[    3425ms] Error: Minified React error #418; visit https://reactjs.org/docs/error-decoder.html?invariant=418 for the full message or use the non-minified dev environment for full errors and additional helpful warnings.
    at Va (https://railway.com/assets/react-dom-CWIgXKDx.js:6:4758)
    at Wl (https://railway.com/assets/react-dom-CWIgXKDx.js:8:45043)
    at Pl (https://railway.com/assets/react-dom-CWIgXKDx.js:8:39294)
    at Nl (https://railway.com/assets/react-dom-CWIgXKDx.js:8:39267)
    at vl (https://railway.com/assets/react-dom-CWIgXKDx.js:8:34357)
    at te (https://railway.com/assets/react-dom-CWIgXKDx.js:1:1616)
    at MessagePort.se (https://railway.com/assets/react-dom-CWIgXKDx.js:1:1986)
[    3426ms] Error: Minified React error #418; visit https://reactjs.org/docs/error-decoder.html?invariant=418 for the full message or use the non-minified dev environment for full errors and additional helpful warnings.
    at Va (https://railway.com/assets/react-dom-CWIgXKDx.js:6:4758)
    at Wl (https://railway.com/assets/react-dom-CWIgXKDx.js:8:45043)
    at Pl (https://railway.com/assets/react-dom-CWIgXKDx.js:8:39294)
    at Nl (https://railway.com/assets/react-dom-CWIgXKDx.js:8:39267)
    at vl (https://railway.com/assets/react-dom-CWIgXKDx.js:8:34357)
    at te (https://railway.com/assets/react-dom-CWIgXKDx.js:1:1616)
    at MessagePort.se (https://railway.com/assets/react-dom-CWIgXKDx.js:1:1986)
[    3426ms] Error: Minified React error #418; visit https://reactjs.org/docs/error-decoder.html?invariant=418 for the full message or use the non-minified dev environment for full errors and additional helpful warnings.
    at Va (https://railway.com/assets/react-dom-CWIgXKDx.js:6:4758)
    at Wl (https://railway.com/assets/react-dom-CWIgXKDx.js:8:45043)
    at Pl (https://railway.com/assets/react-dom-CWIgXKDx.js:8:39294)
    at Nl (https://railway.com/assets/react-dom-CWIgXKDx.js:8:39267)
    at vl (https://railway.com/assets/react-dom-CWIgXKDx.js:8:34357)
    at te (https://railway.com/assets/react-dom-CWIgXKDx.js:1:1616)
    at MessagePort.se (https://railway.com/assets/react-dom-CWIgXKDx.js:1:1986)
[    3426ms] Error: Minified React error #418; visit https://reactjs.org/docs/error-decoder.html?invariant=418 for the full message or use the non-minified dev environment for full errors and additional helpful warnings.
    at Va (https://railway.com/assets/react-dom-CWIgXKDx.js:6:4758)
    at Wl (https://railway.com/assets/react-dom-CWIgXKDx.js:8:45043)
    at Pl (https://railway.com/assets/react-dom-CWIgXKDx.js:8:39294)
    at Nl (https://railway.com/assets/react-dom-CWIgXKDx.js:8:39267)
    at vl (https://railway.com/assets/react-dom-CWIgXKDx.js:8:34357)
    at te (https://railway.com/assets/react-dom-CWIgXKDx.js:1:1616)
    at MessagePort.se (https://railway.com/assets/react-dom-CWIgXKDx.js:1:1986)
[    3426ms] Error: Minified React error #418; visit https://reactjs.org/docs/error-decoder.html?invariant=418 for the full message or use the non-minified dev environment for full errors and additional helpful warnings.
    at Va (https://railway.com/assets/react-dom-CWIgXKDx.js:6:4758)
    at Wl (https://railway.com/assets/react-dom-CWIgXKDx.js:8:45043)
    at Pl (https://railway.com/assets/react-dom-CWIgXKDx.js:8:39294)
    at Nl (https://railway.com/assets/react-dom-CWIgXKDx.js:8:39267)
    at vl (https://railway.com/assets/react-dom-CWIgXKDx.js:8:34357)
    at te (https://railway.com/assets/react-dom-CWIgXKDx.js:1:1616)
    at MessagePort.se (https://railway.com/assets/react-dom-CWIgXKDx.js:1:1986)
[    3426ms] Error: Minified React error #418; visit https://reactjs.org/docs/error-decoder.html?invariant=418 for the full message or use the non-minified dev environment for full errors and additional helpful warnings.
    at Va (https://railway.com/assets/react-dom-CWIgXKDx.js:6:4758)
    at Wl (https://railway.com/assets/react-dom-CWIgXKDx.js:8:45043)
    at Pl (https://railway.com/assets/react-dom-CWIgXKDx.js:8:39294)
    at Nl (https://railway.com/assets/react-dom-CWIgXKDx.js:8:39267)
    at vl (https://railway.com/assets/react-dom-CWIgXKDx.js:8:34357)
    at te (https://railway.com/assets/react-dom-CWIgXKDx.js:1:1616)
    at MessagePort.se (https://railway.com/assets/react-dom-CWIgXKDx.js:1:1986)
[    3426ms] Error: Minified React error #418; visit https://reactjs.org/docs/error-decoder.html?invariant=418 for the full message or use the non-minified dev environment for full errors and additional helpful warnings.
    at Va (https://railway.com/assets/react-dom-CWIgXKDx.js:6:4758)
    at Wl (https://railway.com/assets/react-dom-CWIgXKDx.js:8:45043)
    at Pl (https://railway.com/assets/react-dom-CWIgXKDx.js:8:39294)
    at Nl (https://railway.com/assets/react-dom-CWIgXKDx.js:8:39267)
    at vl (https://railway.com/assets/react-dom-CWIgXKDx.js:8:34357)
    at te (https://railway.com/assets/react-dom-CWIgXKDx.js:1:1616)
    at MessagePort.se (https://railway.com/assets/react-dom-CWIgXKDx.js:1:1986)
[    3426ms] Error: Minified React error #418; visit https://reactjs.org/docs/error-decoder.html?invariant=418 for the full message or use the non-minified dev environment for full errors and additional helpful warnings.
    at Va (https://railway.com/assets/react-dom-CWIgXKDx.js:6:4758)
    at Wl (https://railway.com/assets/react-dom-CWIgXKDx.js:8:45043)
    at Pl (https://railway.com/assets/react-dom-CWIgXKDx.js:8:39294)
    at Nl (https://railway.com/assets/react-dom-CWIgXKDx.js:8:39267)
    at vl (https://railway.com/assets/react-dom-CWIgXKDx.js:8:34357)
    at te (https://railway.com/assets/react-dom-CWIgXKDx.js:1:1616)
    at MessagePort.se (https://railway.com/assets/react-dom-CWIgXKDx.js:1:1986)
[    3427ms] Error: Minified React error #418; visit https://reactjs.org/docs/error-decoder.html?invariant=418 for the full message or use the non-minified dev environment for full errors and additional helpful warnings.
    at Va (https://railway.com/assets/react-dom-CWIgXKDx.js:6:4758)
    at Wl (https://railway.com/assets/react-dom-CWIgXKDx.js:8:45043)
    at Pl (https://railway.com/assets/react-dom-CWIgXKDx.js:8:39294)
    at Nl (https://railway.com/assets/react-dom-CWIgXKDx.js:8:39267)
    at vl (https://railway.com/assets/react-dom-CWIgXKDx.js:8:34357)
    at te (https://railway.com/assets/react-dom-CWIgXKDx.js:1:1616)
    at MessagePort.se (https://railway.com/assets/react-dom-CWIgXKDx.js:1:1986)
[    3427ms] Error: Minified React error #418; visit https://reactjs.org/docs/error-decoder.html?invariant=418 for the full message or use the non-minified dev environment for full errors and additional helpful warnings.
    at Va (https://railway.com/assets/react-dom-CWIgXKDx.js:6:4758)
    at Wl (https://railway.com/assets/react-dom-CWIgXKDx.js:8:45043)
    at Pl (https://railway.com/assets/react-dom-CWIgXKDx.js:8:39294)
    at Nl (https://railway.com/assets/react-dom-CWIgXKDx.js:8:39267)
    at vl (https://railway.com/assets/react-dom-CWIgXKDx.js:8:34357)
    at te (https://railway.com/assets/react-dom-CWIgXKDx.js:1:1616)
    at MessagePort.se (https://railway.com/assets/react-dom-CWIgXKDx.js:1:1986)
[    3427ms] Error: Minified React error #418; visit https://reactjs.org/docs/error-decoder.html?invariant=418 for the full message or use the non-minified dev environment for full errors and additional helpful warnings.
    at Va (https://railway.com/assets/react-dom-CWIgXKDx.js:6:4758)
    at Wl (https://railway.com/assets/react-dom-CWIgXKDx.js:8:45043)
    at Pl (https://railway.com/assets/react-dom-CWIgXKDx.js:8:39294)
    at Nl (https://railway.com/assets/react-dom-CWIgXKDx.js:8:39267)
    at vl (https://railway.com/assets/react-dom-CWIgXKDx.js:8:34357)
    at te (https://railway.com/assets/react-dom-CWIgXKDx.js:1:1616)
    at MessagePort.se (https://railway.com/assets/react-dom-CWIgXKDx.js:1:1986)
[    3427ms] Error: Minified React error #418; visit https://reactjs.org/docs/error-decoder.html?invariant=418 for the full message or use the non-minified dev environment for full errors and additional helpful warnings.
    at Va (https://railway.com/assets/react-dom-CWIgXKDx.js:6:4758)
    at Wl (https://railway.com/assets/react-dom-CWIgXKDx.js:8:45043)
    at Pl (https://railway.com/assets/react-dom-CWIgXKDx.js:8:39294)
    at Nl (https://railway.com/assets/react-dom-CWIgXKDx.js:8:39267)
    at vl (https://railway.com/assets/react-dom-CWIgXKDx.js:8:34357)
    at te (https://railway.com/assets/react-dom-CWIgXKDx.js:1:1616)
    at MessagePort.se (https://railway.com/assets/react-dom-CWIgXKDx.js:1:1986)
[    3427ms] Error: Minified React error #418; visit https://reactjs.org/docs/error-decoder.html?invariant=418 for the full message or use the non-minified dev environment for full errors and additional helpful warnings.
    at Va (https://railway.com/assets/react-dom-CWIgXKDx.js:6:4758)
    at Wl (https://railway.com/assets/react-dom-CWIgXKDx.js:8:45043)
    at Pl (https://railway.com/assets/react-dom-CWIgXKDx.js:8:39294)
    at Nl (https://railway.com/assets/react-dom-CWIgXKDx.js:8:39267)
    at vl (https://railway.com/assets/react-dom-CWIgXKDx.js:8:34357)
    at te (https://railway.com/assets/react-dom-CWIgXKDx.js:1:1616)
    at MessagePort.se (https://railway.com/assets/react-dom-CWIgXKDx.js:1:1986)
[    3427ms] Error: Minified React error #418; visit https://reactjs.org/docs/error-decoder.html?invariant=418 for the full message or use the non-minified dev environment for full errors and additional helpful warnings.
    at Va (https://railway.com/assets/react-dom-CWIgXKDx.js:6:4758)
    at Wl (https://railway.com/assets/react-dom-CWIgXKDx.js:8:45043)
    at Pl (https://railway.com/assets/react-dom-CWIgXKDx.js:8:39294)
    at Nl (https://railway.com/assets/react-dom-CWIgXKDx.js:8:39267)
    at vl (https://railway.com/assets/react-dom-CWIgXKDx.js:8:34357)
    at te (https://railway.com/assets/react-dom-CWIgXKDx.js:1:1616)
    at MessagePort.se (https://railway.com/assets/react-dom-CWIgXKDx.js:1:1986)
[    3427ms] Error: Minified React error #418; visit https://reactjs.org/docs/error-decoder.html?invariant=418 for the full message or use the non-minified dev environment for full errors and additional helpful warnings.
    at Va (https://railway.com/assets/react-dom-CWIgXKDx.js:6:4758)
    at Wl (https://railway.com/assets/react-dom-CWIgXKDx.js:8:45043)
    at Pl (https://railway.com/assets/react-dom-CWIgXKDx.js:8:39294)
    at Nl (https://railway.com/assets/react-dom-CWIgXKDx.js:8:39267)
    at vl (https://railway.com/assets/react-dom-CWIgXKDx.js:8:34357)
    at te (https://railway.com/assets/react-dom-CWIgXKDx.js:1:1616)
    at MessagePort.se (https://railway.com/assets/react-dom-CWIgXKDx.js:1:1986)
[    3427ms] Error: Minified React error #418; visit https://reactjs.org/docs/error-decoder.html?invariant=418 for the full message or use the non-minified dev environment for full errors and additional helpful warnings.
    at Va (https://railway.com/assets/react-dom-CWIgXKDx.js:6:4758)
    at Wl (https://railway.com/assets/react-dom-CWIgXKDx.js:8:45043)
    at Pl (https://railway.com/assets/react-dom-CWIgXKDx.js:8:39294)
    at Nl (https://railway.com/assets/react-dom-CWIgXKDx.js:8:39267)
    at vl (https://railway.com/assets/react-dom-CWIgXKDx.js:8:34357)
    at te (https://railway.com/assets/react-dom-CWIgXKDx.js:1:1616)
    at MessagePort.se (https://railway.com/assets/react-dom-CWIgXKDx.js:1:1986)
[    3428ms] Error: Minified React error #418; visit https://reactjs.org/docs/error-decoder.html?invariant=418 for the full message or use the non-minified dev environment for full errors and additional helpful warnings.
    at Va (https://railway.com/assets/react-dom-CWIgXKDx.js:6:4758)
    at Wl (https://railway.com/assets/react-dom-CWIgXKDx.js:8:45043)
    at Pl (https://railway.com/assets/react-dom-CWIgXKDx.js:8:39294)
    at Nl (https://railway.com/assets/react-dom-CWIgXKDx.js:8:39267)
    at vl (https://railway.com/assets/react-dom-CWIgXKDx.js:8:34357)
    at te (https://railway.com/assets/react-dom-CWIgXKDx.js:1:1616)
    at MessagePort.se (https://railway.com/assets/react-dom-CWIgXKDx.js:1:1986)
[    3428ms] Error: Minified React error #418; visit https://reactjs.org/docs/error-decoder.html?invariant=418 for the full message or use the non-minified dev environment for full errors and additional helpful warnings.
    at Va (https://railway.com/assets/react-dom-CWIgXKDx.js:6:4758)
    at Wl (https://railway.com/assets/react-dom-CWIgXKDx.js:8:45043)
    at Pl (https://railway.com/assets/react-dom-CWIgXKDx.js:8:39294)
    at Nl (https://railway.com/assets/react-dom-CWIgXKDx.js:8:39267)
    at vl (https://railway.com/assets/react-dom-CWIgXKDx.js:8:34357)
    at te (https://railway.com/assets/react-dom-CWIgXKDx.js:1:1616)
    at MessagePort.se (https://railway.com/assets/react-dom-CWIgXKDx.js:1:1986)
[    3428ms] Error: Minified React error #418; visit https://reactjs.org/docs/error-decoder.html?invariant=418 for the full message or use the non-minified dev environment for full errors and additional helpful warnings.
    at Va (https://railway.com/assets/react-dom-CWIgXKDx.js:6:4758)
    at Wl (https://railway.com/assets/react-dom-CWIgXKDx.js:8:45043)
    at Pl (https://railway.com/assets/react-dom-CWIgXKDx.js:8:39294)
    at Nl (https://railway.com/assets/react-dom-CWIgXKDx.js:8:39267)
    at vl (https://railway.com/assets/react-dom-CWIgXKDx.js:8:34357)
    at te (https://railway.com/assets/react-dom-CWIgXKDx.js:1:1616)
    at MessagePort.se (https://railway.com/assets/react-dom-CWIgXKDx.js:1:1986)
[    3428ms] Error: Minified React error #418; visit https://reactjs.org/docs/error-decoder.html?invariant=418 for the full message or use the non-minified dev environment for full errors and additional helpful warnings.
    at Va (https://railway.com/assets/react-dom-CWIgXKDx.js:6:4758)
    at Wl (https://railway.com/assets/react-dom-CWIgXKDx.js:8:45043)
    at Pl (https://railway.com/assets/react-dom-CWIgXKDx.js:8:39294)
    at Nl (https://railway.com/assets/react-dom-CWIgXKDx.js:8:39267)
    at vl (https://railway.com/assets/react-dom-CWIgXKDx.js:8:34357)
    at te (https://railway.com/assets/react-dom-CWIgXKDx.js:1:1616)
    at MessagePort.se (https://railway.com/assets/react-dom-CWIgXKDx.js:1:1986)
[    3428ms] Error: Minified React error #418; visit https://reactjs.org/docs/error-decoder.html?invariant=418 for the full message or use the non-minified dev environment for full errors and additional helpful warnings.
    at Va (https://railway.com/assets/react-dom-CWIgXKDx.js:6:4758)
    at Wl (https://railway.com/assets/react-dom-CWIgXKDx.js:8:45043)
    at Pl (https://railway.com/assets/react-dom-CWIgXKDx.js:8:39294)
    at Nl (https://railway.com/assets/react-dom-CWIgXKDx.js:8:39267)
    at vl (https://railway.com/assets/react-dom-CWIgXKDx.js:8:34357)
    at te (https://railway.com/assets/react-dom-CWIgXKDx.js:1:1616)
    at MessagePort.se (https://railway.com/assets/react-dom-CWIgXKDx.js:1:1986)
[    3428ms] Error: Minified React error #418; visit https://reactjs.org/docs/error-decoder.html?invariant=418 for the full message or use the non-minified dev environment for full errors and additional helpful warnings.
    at Va (https://railway.com/assets/react-dom-CWIgXKDx.js:6:4758)
    at Wl (https://railway.com/assets/react-dom-CWIgXKDx.js:8:45043)
    at Pl (https://railway.com/assets/react-dom-CWIgXKDx.js:8:39294)
    at Nl (https://railway.com/assets/react-dom-CWIgXKDx.js:8:39267)
    at vl (https://railway.com/assets/react-dom-CWIgXKDx.js:8:34357)
    at te (https://railway.com/assets/react-dom-CWIgXKDx.js:1:1616)
    at MessagePort.se (https://railway.com/assets/react-dom-CWIgXKDx.js:1:1986)
[    3428ms] Error: Minified React error #418; visit https://reactjs.org/docs/error-decoder.html?invariant=418 for the full message or use the non-minified dev environment for full errors and additional helpful warnings.
    at Va (https://railway.com/assets/react-dom-CWIgXKDx.js:6:4758)
    at Wl (https://railway.com/assets/react-dom-CWIgXKDx.js:8:45043)
    at Pl (https://railway.com/assets/react-dom-CWIgXKDx.js:8:39294)
    at Nl (https://railway.com/assets/react-dom-CWIgXKDx.js:8:39267)
    at vl (https://railway.com/assets/react-dom-CWIgXKDx.js:8:34357)
    at te (https://railway.com/assets/react-dom-CWIgXKDx.js:1:1616)
    at MessagePort.se (https://railway.com/assets/react-dom-CWIgXKDx.js:1:1986)
[    3428ms] Error: Minified React error #418; visit https://reactjs.org/docs/error-decoder.html?invariant=418 for the full message or use the non-minified dev environment for full errors and additional helpful warnings.
    at Va (https://railway.com/assets/react-dom-CWIgXKDx.js:6:4758)
    at Wl (https://railway.com/assets/react-dom-CWIgXKDx.js:8:45043)
    at Pl (https://railway.com/assets/react-dom-CWIgXKDx.js:8:39294)
    at Nl (https://railway.com/assets/react-dom-CWIgXKDx.js:8:39267)
    at vl (https://railway.com/assets/react-dom-CWIgXKDx.js:8:34357)
    at te (https://railway.com/assets/react-dom-CWIgXKDx.js:1:1616)
    at MessagePort.se (https://railway.com/assets/react-dom-CWIgXKDx.js:1:1986)
[    3428ms] Error: Minified React error #418; visit https://reactjs.org/docs/error-decoder.html?invariant=418 for the full message or use the non-minified dev environment for full errors and additional helpful warnings.
    at Va (https://railway.com/assets/react-dom-CWIgXKDx.js:6:4758)
    at Wl (https://railway.com/assets/react-dom-CWIgXKDx.js:8:45043)
    at Pl (https://railway.com/assets/react-dom-CWIgXKDx.js:8:39294)
    at Nl (https://railway.com/assets/react-dom-CWIgXKDx.js:8:39267)
    at vl (https://railway.com/assets/react-dom-CWIgXKDx.js:8:34357)
    at te (https://railway.com/assets/react-dom-CWIgXKDx.js:1:1616)
    at MessagePort.se (https://railway.com/assets/react-dom-CWIgXKDx.js:1:1986)
[    3428ms] Error: Minified React error #418; visit https://reactjs.org/docs/error-decoder.html?invariant=418 for the full message or use the non-minified dev environment for full errors and additional helpful warnings.
    at Va (https://railway.com/assets/react-dom-CWIgXKDx.js:6:4758)
    at Wl (https://railway.com/assets/react-dom-CWIgXKDx.js:8:45043)
    at Pl (https://railway.com/assets/react-dom-CWIgXKDx.js:8:39294)
    at Nl (https://railway.com/assets/react-dom-CWIgXKDx.js:8:39267)
    at vl (https://railway.com/assets/react-dom-CWIgXKDx.js:8:34357)
    at te (https://railway.com/assets/react-dom-CWIgXKDx.js:1:1616)
    at MessagePort.se (https://railway.com/assets/react-dom-CWIgXKDx.js:1:1986)
[    3429ms] Error: Minified React error #418; visit https://reactjs.org/docs/error-decoder.html?invariant=418 for the full message or use the non-minified dev environment for full errors and additional helpful warnings.
    at Va (https://railway.com/assets/react-dom-CWIgXKDx.js:6:4758)
    at Wl (https://railway.com/assets/react-dom-CWIgXKDx.js:8:45043)
    at Pl (https://railway.com/assets/react-dom-CWIgXKDx.js:8:39294)
    at Nl (https://railway.com/assets/react-dom-CWIgXKDx.js:8:39267)
    at vl (https://railway.com/assets/react-dom-CWIgXKDx.js:8:34357)
    at te (https://railway.com/assets/react-dom-CWIgXKDx.js:1:1616)
    at MessagePort.se (https://railway.com/assets/react-dom-CWIgXKDx.js:1:1986)
[    3429ms] Error: Minified React error #418; visit https://reactjs.org/docs/error-decoder.html?invariant=418 for the full message or use the non-minified dev environment for full errors and additional helpful warnings.
    at Va (https://railway.com/assets/react-dom-CWIgXKDx.js:6:4758)
    at Wl (https://railway.com/assets/react-dom-CWIgXKDx.js:8:45043)
    at Pl (https://railway.com/assets/react-dom-CWIgXKDx.js:8:39294)
    at Nl (https://railway.com/assets/react-dom-CWIgXKDx.js:8:39267)
    at vl (https://railway.com/assets/react-dom-CWIgXKDx.js:8:34357)
    at te (https://railway.com/assets/react-dom-CWIgXKDx.js:1:1616)
    at MessagePort.se (https://railway.com/assets/react-dom-CWIgXKDx.js:1:1986)
[    3429ms] Error: Minified React error #418; visit https://reactjs.org/docs/error-decoder.html?invariant=418 for the full message or use the non-minified dev environment for full errors and additional helpful warnings.
    at Va (https://railway.com/assets/react-dom-CWIgXKDx.js:6:4758)
    at Wl (https://railway.com/assets/react-dom-CWIgXKDx.js:8:45043)
    at Pl (https://railway.com/assets/react-dom-CWIgXKDx.js:8:39294)
    at Nl (https://railway.com/assets/react-dom-CWIgXKDx.js:8:39267)
    at vl (https://railway.com/assets/react-dom-CWIgXKDx.js:8:34357)
    at te (https://railway.com/assets/react-dom-CWIgXKDx.js:1:1616)
    at MessagePort.se (https://railway.com/assets/react-dom-CWIgXKDx.js:1:1986)
[    3429ms] Error: Minified React error #418; visit https://reactjs.org/docs/error-decoder.html?invariant=418 for the full message or use the non-minified dev environment for full errors and additional helpful warnings.
    at Va (https://railway.com/assets/react-dom-CWIgXKDx.js:6:4758)
    at Wl (https://railway.com/assets/react-dom-CWIgXKDx.js:8:45043)
    at Pl (https://railway.com/assets/react-dom-CWIgXKDx.js:8:39294)
    at Nl (https://railway.com/assets/react-dom-CWIgXKDx.js:8:39267)
    at vl (https://railway.com/assets/react-dom-CWIgXKDx.js:8:34357)
    at te (https://railway.com/assets/react-dom-CWIgXKDx.js:1:1616)
    at MessagePort.se (https://railway.com/assets/react-dom-CWIgXKDx.js:1:1986)
[    3429ms] Error: Minified React error #418; visit https://reactjs.org/docs/error-decoder.html?invariant=418 for the full message or use the non-minified dev environment for full errors and additional helpful warnings.
    at Va (https://railway.com/assets/react-dom-CWIgXKDx.js:6:4758)
    at Wl (https://railway.com/assets/react-dom-CWIgXKDx.js:8:45043)
    at Pl (https://railway.com/assets/react-dom-CWIgXKDx.js:8:39294)
    at Nl (https://railway.com/assets/react-dom-CWIgXKDx.js:8:39267)
    at vl (https://railway.com/assets/react-dom-CWIgXKDx.js:8:34357)
    at te (https://railway.com/assets/react-dom-CWIgXKDx.js:1:1616)
    at MessagePort.se (https://railway.com/assets/react-dom-CWIgXKDx.js:1:1986)
[    3429ms] Error: Minified React error #418; visit https://reactjs.org/docs/error-decoder.html?invariant=418 for the full message or use the non-minified dev environment for full errors and additional helpful warnings.
    at Va (https://railway.com/assets/react-dom-CWIgXKDx.js:6:4758)
    at Wl (https://railway.com/assets/react-dom-CWIgXKDx.js:8:45043)
    at Pl (https://railway.com/assets/react-dom-CWIgXKDx.js:8:39294)
    at Nl (https://railway.com/assets/react-dom-CWIgXKDx.js:8:39267)
    at vl (https://railway.com/assets/react-dom-CWIgXKDx.js:8:34357)
    at te (https://railway.com/assets/react-dom-CWIgXKDx.js:1:1616)
    at MessagePort.se (https://railway.com/assets/react-dom-CWIgXKDx.js:1:1986)
[    3429ms] Error: Minified React error #418; visit https://reactjs.org/docs/error-decoder.html?invariant=418 for the full message or use the non-minified dev environment for full errors and additional helpful warnings.
    at Va (https://railway.com/assets/react-dom-CWIgXKDx.js:6:4758)
    at Wl (https://railway.com/assets/react-dom-CWIgXKDx.js:8:45043)
    at Pl (https://railway.com/assets/react-dom-CWIgXKDx.js:8:39294)
    at Nl (https://railway.com/assets/react-dom-CWIgXKDx.js:8:39267)
    at vl (https://railway.com/assets/react-dom-CWIgXKDx.js:8:34357)
    at te (https://railway.com/assets/react-dom-CWIgXKDx.js:1:1616)
    at MessagePort.se (https://railway.com/assets/react-dom-CWIgXKDx.js:1:1986)
[    3429ms] Error: Minified React error #418; visit https://reactjs.org/docs/error-decoder.html?invariant=418 for the full message or use the non-minified dev environment for full errors and additional helpful warnings.
    at Va (https://railway.com/assets/react-dom-CWIgXKDx.js:6:4758)
    at Wl (https://railway.com/assets/react-dom-CWIgXKDx.js:8:45043)
    at Pl (https://railway.com/assets/react-dom-CWIgXKDx.js:8:39294)
    at Nl (https://railway.com/assets/react-dom-CWIgXKDx.js:8:39267)
    at vl (https://railway.com/assets/react-dom-CWIgXKDx.js:8:34357)
    at te (https://railway.com/assets/react-dom-CWIgXKDx.js:1:1616)
    at MessagePort.se (https://railway.com/assets/react-dom-CWIgXKDx.js:1:1986)
[    3429ms] Error: Minified React error #418; visit https://reactjs.org/docs/error-decoder.html?invariant=418 for the full message or use the non-minified dev environment for full errors and additional helpful warnings.
    at Va (https://railway.com/assets/react-dom-CWIgXKDx.js:6:4758)
    at Wl (https://railway.com/assets/react-dom-CWIgXKDx.js:8:45043)
    at Pl (https://railway.com/assets/react-dom-CWIgXKDx.js:8:39294)
    at Nl (https://railway.com/assets/react-dom-CWIgXKDx.js:8:39267)
    at vl (https://railway.com/assets/react-dom-CWIgXKDx.js:8:34357)
    at te (https://railway.com/assets/react-dom-CWIgXKDx.js:1:1616)
    at MessagePort.se (https://railway.com/assets/react-dom-CWIgXKDx.js:1:1986)
[    3429ms] Error: Minified React error #418; visit https://reactjs.org/docs/error-decoder.html?invariant=418 for the full message or use the non-minified dev environment for full errors and additional helpful warnings.
    at Va (https://railway.com/assets/react-dom-CWIgXKDx.js:6:4758)
    at Wl (https://railway.com/assets/react-dom-CWIgXKDx.js:8:45043)
    at Pl (https://railway.com/assets/react-dom-CWIgXKDx.js:8:39294)
    at Nl (https://railway.com/assets/react-dom-CWIgXKDx.js:8:39267)
    at vl (https://railway.com/assets/react-dom-CWIgXKDx.js:8:34357)
    at te (https://railway.com/assets/react-dom-CWIgXKDx.js:1:1616)
    at MessagePort.se (https://railway.com/assets/react-dom-CWIgXKDx.js:1:1986)
[    3430ms] Error: Minified React error #418; visit https://reactjs.org/docs/error-decoder.html?invariant=418 for the full message or use the non-minified dev environment for full errors and additional helpful warnings.
    at Va (https://railway.com/assets/react-dom-CWIgXKDx.js:6:4758)
    at Wl (https://railway.com/assets/react-dom-CWIgXKDx.js:8:45043)
    at Pl (https://railway.com/assets/react-dom-CWIgXKDx.js:8:39294)
    at Nl (https://railway.com/assets/react-dom-CWIgXKDx.js:8:39267)
    at vl (https://railway.com/assets/react-dom-CWIgXKDx.js:8:34357)
    at te (https://railway.com/assets/react-dom-CWIgXKDx.js:1:1616)
    at MessagePort.se (https://railway.com/assets/react-dom-CWIgXKDx.js:1:1986)
[    3430ms] Error: Minified React error #418; visit https://reactjs.org/docs/error-decoder.html?invariant=418 for the full message or use the non-minified dev environment for full errors and additional helpful warnings.
    at Va (https://railway.com/assets/react-dom-CWIgXKDx.js:6:4758)
    at Wl (https://railway.com/assets/react-dom-CWIgXKDx.js:8:45043)
    at Pl (https://railway.com/assets/react-dom-CWIgXKDx.js:8:39294)
    at Nl (https://railway.com/assets/react-dom-CWIgXKDx.js:8:39267)
    at vl (https://railway.com/assets/react-dom-CWIgXKDx.js:8:34357)
    at te (https://railway.com/assets/react-dom-CWIgXKDx.js:1:1616)
    at MessagePort.se (https://railway.com/assets/react-dom-CWIgXKDx.js:1:1986)
[    3430ms] Error: Minified React error #418; visit https://reactjs.org/docs/error-decoder.html?invariant=418 for the full message or use the non-minified dev environment for full errors and additional helpful warnings.
    at Va (https://railway.com/assets/react-dom-CWIgXKDx.js:6:4758)
    at Wl (https://railway.com/assets/react-dom-CWIgXKDx.js:8:45043)
    at Pl (https://railway.com/assets/react-dom-CWIgXKDx.js:8:39294)
    at Nl (https://railway.com/assets/react-dom-CWIgXKDx.js:8:39267)
    at vl (https://railway.com/assets/react-dom-CWIgXKDx.js:8:34357)
    at te (https://railway.com/assets/react-dom-CWIgXKDx.js:1:1616)
    at MessagePort.se (https://railway.com/assets/react-dom-CWIgXKDx.js:1:1986)
[    3430ms] Error: Minified React error #418; visit https://reactjs.org/docs/error-decoder.html?invariant=418 for the full message or use the non-minified dev environment for full errors and additional helpful warnings.
    at Va (https://railway.com/assets/react-dom-CWIgXKDx.js:6:4758)
    at Wl (https://railway.com/assets/react-dom-CWIgXKDx.js:8:45043)
    at Pl (https://railway.com/assets/react-dom-CWIgXKDx.js:8:39294)
    at Nl (https://railway.com/assets/react-dom-CWIgXKDx.js:8:39267)
    at vl (https://railway.com/assets/react-dom-CWIgXKDx.js:8:34357)
    at te (https://railway.com/assets/react-dom-CWIgXKDx.js:1:1616)
    at MessagePort.se (https://railway.com/assets/react-dom-CWIgXKDx.js:1:1986)
[    3430ms] Error: Minified React error #418; visit https://reactjs.org/docs/error-decoder.html?invariant=418 for the full message or use the non-minified dev environment for full errors and additional helpful warnings.
    at Va (https://railway.com/assets/react-dom-CWIgXKDx.js:6:4758)
    at Wl (https://railway.com/assets/react-dom-CWIgXKDx.js:8:45043)
    at Pl (https://railway.com/assets/react-dom-CWIgXKDx.js:8:39294)
    at Nl (https://railway.com/assets/react-dom-CWIgXKDx.js:8:39267)
    at vl (https://railway.com/assets/react-dom-CWIgXKDx.js:8:34357)
    at te (https://railway.com/assets/react-dom-CWIgXKDx.js:1:1616)
    at MessagePort.se (https://railway.com/assets/react-dom-CWIgXKDx.js:1:1986)
[    3430ms] Error: Minified React error #418; visit https://reactjs.org/docs/error-decoder.html?invariant=418 for the full message or use the non-minified dev environment for full errors and additional helpful warnings.
    at Va (https://railway.com/assets/react-dom-CWIgXKDx.js:6:4758)
    at Wl (https://railway.com/assets/react-dom-CWIgXKDx.js:8:45043)
    at Pl (https://railway.com/assets/react-dom-CWIgXKDx.js:8:39294)
    at Nl (https://railway.com/assets/react-dom-CWIgXKDx.js:8:39267)
    at vl (https://railway.com/assets/react-dom-CWIgXKDx.js:8:34357)
    at te (https://railway.com/assets/react-dom-CWIgXKDx.js:1:1616)
    at MessagePort.se (https://railway.com/assets/react-dom-CWIgXKDx.js:1:1986)
[    3430ms] Error: Minified React error #418; visit https://reactjs.org/docs/error-decoder.html?invariant=418 for the full message or use the non-minified dev environment for full errors and additional helpful warnings.
    at Va (https://railway.com/assets/react-dom-CWIgXKDx.js:6:4758)
    at Wl (https://railway.com/assets/react-dom-CWIgXKDx.js:8:45043)
    at Pl (https://railway.com/assets/react-dom-CWIgXKDx.js:8:39294)
    at Nl (https://railway.com/assets/react-dom-CWIgXKDx.js:8:39267)
    at vl (https://railway.com/assets/react-dom-CWIgXKDx.js:8:34357)
    at te (https://railway.com/assets/react-dom-CWIgXKDx.js:1:1616)
    at MessagePort.se (https://railway.com/assets/react-dom-CWIgXKDx.js:1:1986)
[    3430ms] Error: Minified React error #418; visit https://reactjs.org/docs/error-decoder.html?invariant=418 for the full message or use the non-minified dev environment for full errors and additional helpful warnings.
    at Va (https://railway.com/assets/react-dom-CWIgXKDx.js:6:4758)
    at Wl (https://railway.com/assets/react-dom-CWIgXKDx.js:8:45043)
    at Pl (https://railway.com/assets/react-dom-CWIgXKDx.js:8:39294)
    at Nl (https://railway.com/assets/react-dom-CWIgXKDx.js:8:39267)
    at vl (https://railway.com/assets/react-dom-CWIgXKDx.js:8:34357)
    at te (https://railway.com/assets/react-dom-CWIgXKDx.js:1:1616)
    at MessagePort.se (https://railway.com/assets/react-dom-CWIgXKDx.js:1:1986)
[    3430ms] Error: Minified React error #418; visit https://reactjs.org/docs/error-decoder.html?invariant=418 for the full message or use the non-minified dev environment for full errors and additional helpful warnings.
    at Va (https://railway.com/assets/react-dom-CWIgXKDx.js:6:4758)
    at Wl (https://railway.com/assets/react-dom-CWIgXKDx.js:8:45043)
    at Pl (https://railway.com/assets/react-dom-CWIgXKDx.js:8:39294)
    at Nl (https://railway.com/assets/react-dom-CWIgXKDx.js:8:39267)
    at vl (https://railway.com/assets/react-dom-CWIgXKDx.js:8:34357)
    at te (https://railway.com/assets/react-dom-CWIgXKDx.js:1:1616)
    at MessagePort.se (https://railway.com/assets/react-dom-CWIgXKDx.js:1:1986)
[    3430ms] Error: Minified React error #418; visit https://reactjs.org/docs/error-decoder.html?invariant=418 for the full message or use the non-minified dev environment for full errors and additional helpful warnings.
    at Va (https://railway.com/assets/react-dom-CWIgXKDx.js:6:4758)
    at Wl (https://railway.com/assets/react-dom-CWIgXKDx.js:8:45043)
    at Pl (https://railway.com/assets/react-dom-CWIgXKDx.js:8:39294)
    at Nl (https://railway.com/assets/react-dom-CWIgXKDx.js:8:39267)
    at vl (https://railway.com/assets/react-dom-CWIgXKDx.js:8:34357)
    at te (https://railway.com/assets/react-dom-CWIgXKDx.js:1:1616)
    at MessagePort.se (https://railway.com/assets/react-dom-CWIgXKDx.js:1:1986)
[    3431ms] Error: Minified React error #418; visit https://reactjs.org/docs/error-decoder.html?invariant=418 for the full message or use the non-minified dev environment for full errors and additional helpful warnings.
    at Va (https://railway.com/assets/react-dom-CWIgXKDx.js:6:4758)
    at Wl (https://railway.com/assets/react-dom-CWIgXKDx.js:8:45043)
    at Pl (https://railway.com/assets/react-dom-CWIgXKDx.js:8:39294)
    at Nl (https://railway.com/assets/react-dom-CWIgXKDx.js:8:39267)
    at vl (https://railway.com/assets/react-dom-CWIgXKDx.js:8:34357)
    at te (https://railway.com/assets/react-dom-CWIgXKDx.js:1:1616)
    at MessagePort.se (https://railway.com/assets/react-dom-CWIgXKDx.js:1:1986)
[    3431ms] Error: Minified React error #418; visit https://reactjs.org/docs/error-decoder.html?invariant=418 for the full message or use the non-minified dev environment for full errors and additional helpful warnings.
    at Va (https://railway.com/assets/react-dom-CWIgXKDx.js:6:4758)
    at Wl (https://railway.com/assets/react-dom-CWIgXKDx.js:8:45043)
    at Pl (https://railway.com/assets/react-dom-CWIgXKDx.js:8:39294)
    at Nl (https://railway.com/assets/react-dom-CWIgXKDx.js:8:39267)
    at vl (https://railway.com/assets/react-dom-CWIgXKDx.js:8:34357)
    at te (https://railway.com/assets/react-dom-CWIgXKDx.js:1:1616)
    at MessagePort.se (https://railway.com/assets/react-dom-CWIgXKDx.js:1:1986)
[    3431ms] Error: Minified React error #418; visit https://reactjs.org/docs/error-decoder.html?invariant=418 for the full message or use the non-minified dev environment for full errors and additional helpful warnings.
    at Va (https://railway.com/assets/react-dom-CWIgXKDx.js:6:4758)
    at Wl (https://railway.com/assets/react-dom-CWIgXKDx.js:8:45043)
    at Pl (https://railway.com/assets/react-dom-CWIgXKDx.js:8:39294)
    at Nl (https://railway.com/assets/react-dom-CWIgXKDx.js:8:39267)
    at vl (https://railway.com/assets/react-dom-CWIgXKDx.js:8:34357)
    at te (https://railway.com/assets/react-dom-CWIgXKDx.js:1:1616)
    at MessagePort.se (https://railway.com/assets/react-dom-CWIgXKDx.js:1:1986)
[    3431ms] Error: Minified React error #418; visit https://reactjs.org/docs/error-decoder.html?invariant=418 for the full message or use the non-minified dev environment for full errors and additional helpful warnings.
    at Va (https://railway.com/assets/react-dom-CWIgXKDx.js:6:4758)
    at Wl (https://railway.com/assets/react-dom-CWIgXKDx.js:8:45043)
    at Pl (https://railway.com/assets/react-dom-CWIgXKDx.js:8:39294)
    at Nl (https://railway.com/assets/react-dom-CWIgXKDx.js:8:39267)
    at vl (https://railway.com/assets/react-dom-CWIgXKDx.js:8:34357)
    at te (https://railway.com/assets/react-dom-CWIgXKDx.js:1:1616)
    at MessagePort.se (https://railway.com/assets/react-dom-CWIgXKDx.js:1:1986)
[    3432ms] Error: Minified React error #418; visit https://reactjs.org/docs/error-decoder.html?invariant=418 for the full message or use the non-minified dev environment for full errors and additional helpful warnings.
    at Va (https://railway.com/assets/react-dom-CWIgXKDx.js:6:4758)
    at Wl (https://railway.com/assets/react-dom-CWIgXKDx.js:8:45043)
    at Pl (https://railway.com/assets/react-dom-CWIgXKDx.js:8:39294)
    at Nl (https://railway.com/assets/react-dom-CWIgXKDx.js:8:39267)
    at vl (https://railway.com/assets/react-dom-CWIgXKDx.js:8:34357)
    at te (https://railway.com/assets/react-dom-CWIgXKDx.js:1:1616)
    at MessagePort.se (https://railway.com/assets/react-dom-CWIgXKDx.js:1:1986)
[    3432ms] Error: Minified React error #418; visit https://reactjs.org/docs/error-decoder.html?invariant=418 for the full message or use the non-minified dev environment for full errors and additional helpful warnings.
    at Va (https://railway.com/assets/react-dom-CWIgXKDx.js:6:4758)
    at Wl (https://railway.com/assets/react-dom-CWIgXKDx.js:8:45043)
    at Pl (https://railway.com/assets/react-dom-CWIgXKDx.js:8:39294)
    at Nl (https://railway.com/assets/react-dom-CWIgXKDx.js:8:39267)
    at vl (https://railway.com/assets/react-dom-CWIgXKDx.js:8:34357)
    at te (https://railway.com/assets/react-dom-CWIgXKDx.js:1:1616)
    at MessagePort.se (https://railway.com/assets/react-dom-CWIgXKDx.js:1:1986)
[    3432ms] Error: Minified React error #418; visit https://reactjs.org/docs/error-decoder.html?invariant=418 for the full message or use the non-minified dev environment for full errors and additional helpful warnings.
    at Va (https://railway.com/assets/react-dom-CWIgXKDx.js:6:4758)
    at Wl (https://railway.com/assets/react-dom-CWIgXKDx.js:8:45043)
    at Pl (https://railway.com/assets/react-dom-CWIgXKDx.js:8:39294)
    at Nl (https://railway.com/assets/react-dom-CWIgXKDx.js:8:39267)
    at vl (https://railway.com/assets/react-dom-CWIgXKDx.js:8:34357)
    at te (https://railway.com/assets/react-dom-CWIgXKDx.js:1:1616)
    at MessagePort.se (https://railway.com/assets/react-dom-CWIgXKDx.js:1:1986)
[    3432ms] Error: Minified React error #418; visit https://reactjs.org/docs/error-decoder.html?invariant=418 for the full message or use the non-minified dev environment for full errors and additional helpful warnings.
    at Va (https://railway.com/assets/react-dom-CWIgXKDx.js:6:4758)
    at Wl (https://railway.com/assets/react-dom-CWIgXKDx.js:8:45043)
    at Pl (https://railway.com/assets/react-dom-CWIgXKDx.js:8:39294)
    at Nl (https://railway.com/assets/react-dom-CWIgXKDx.js:8:39267)
    at vl (https://railway.com/assets/react-dom-CWIgXKDx.js:8:34357)
    at te (https://railway.com/assets/react-dom-CWIgXKDx.js:1:1616)
    at MessagePort.se (https://railway.com/assets/react-dom-CWIgXKDx.js:1:1986)
[    3432ms] Error: Minified React error #418; visit https://reactjs.org/docs/error-decoder.html?invariant=418 for the full message or use the non-minified dev environment for full errors and additional helpful warnings.
    at Va (https://railway.com/assets/react-dom-CWIgXKDx.js:6:4758)
    at Wl (https://railway.com/assets/react-dom-CWIgXKDx.js:8:45043)
    at Pl (https://railway.com/assets/react-dom-CWIgXKDx.js:8:39294)
    at Nl (https://railway.com/assets/react-dom-CWIgXKDx.js:8:39267)
    at vl (https://railway.com/assets/react-dom-CWIgXKDx.js:8:34357)
    at te (https://railway.com/assets/react-dom-CWIgXKDx.js:1:1616)
    at MessagePort.se (https://railway.com/assets/react-dom-CWIgXKDx.js:1:1986)
[    3433ms] Error: Minified React error #418; visit https://reactjs.org/docs/error-decoder.html?invariant=418 for the full message or use the non-minified dev environment for full errors and additional helpful warnings.
    at Va (https://railway.com/assets/react-dom-CWIgXKDx.js:6:4758)
    at Wl (https://railway.com/assets/react-dom-CWIgXKDx.js:8:45043)
    at Pl (https://railway.com/assets/react-dom-CWIgXKDx.js:8:39294)
    at Nl (https://railway.com/assets/react-dom-CWIgXKDx.js:8:39267)
    at vl (https://railway.com/assets/react-dom-CWIgXKDx.js:8:34357)
    at te (https://railway.com/assets/react-dom-CWIgXKDx.js:1:1616)
    at MessagePort.se (https://railway.com/assets/react-dom-CWIgXKDx.js:1:1986)
[    3433ms] Error: Minified React error #418; visit https://reactjs.org/docs/error-decoder.html?invariant=418 for the full message or use the non-minified dev environment for full errors and additional helpful warnings.
    at Va (https://railway.com/assets/react-dom-CWIgXKDx.js:6:4758)
    at Wl (https://railway.com/assets/react-dom-CWIgXKDx.js:8:45043)
    at Pl (https://railway.com/assets/react-dom-CWIgXKDx.js:8:39294)
    at Nl (https://railway.com/assets/react-dom-CWIgXKDx.js:8:39267)
    at vl (https://railway.com/assets/react-dom-CWIgXKDx.js:8:34357)
    at te (https://railway.com/assets/react-dom-CWIgXKDx.js:1:1616)
    at MessagePort.se (https://railway.com/assets/react-dom-CWIgXKDx.js:1:1986)
[    3433ms] Error: Minified React error #418; visit https://reactjs.org/docs/error-decoder.html?invariant=418 for the full message or use the non-minified dev environment for full errors and additional helpful warnings.
    at Va (https://railway.com/assets/react-dom-CWIgXKDx.js:6:4758)
    at Wl (https://railway.com/assets/react-dom-CWIgXKDx.js:8:45043)
    at Pl (https://railway.com/assets/react-dom-CWIgXKDx.js:8:39294)
    at Nl (https://railway.com/assets/react-dom-CWIgXKDx.js:8:39267)
    at vl (https://railway.com/assets/react-dom-CWIgXKDx.js:8:34357)
    at te (https://railway.com/assets/react-dom-CWIgXKDx.js:1:1616)
    at MessagePort.se (https://railway.com/assets/react-dom-CWIgXKDx.js:1:1986)
[    3433ms] Error: Minified React error #418; visit https://reactjs.org/docs/error-decoder.html?invariant=418 for the full message or use the non-minified dev environment for full errors and additional helpful warnings.
    at Va (https://railway.com/assets/react-dom-CWIgXKDx.js:6:4758)
    at Wl (https://railway.com/assets/react-dom-CWIgXKDx.js:8:45043)
    at Pl (https://railway.com/assets/react-dom-CWIgXKDx.js:8:39294)
    at Nl (https://railway.com/assets/react-dom-CWIgXKDx.js:8:39267)
    at vl (https://railway.com/assets/react-dom-CWIgXKDx.js:8:34357)
    at te (https://railway.com/assets/react-dom-CWIgXKDx.js:1:1616)
    at MessagePort.se (https://railway.com/assets/react-dom-CWIgXKDx.js:1:1986)
[    3433ms] Error: Minified React error #418; visit https://reactjs.org/docs/error-decoder.html?invariant=418 for the full message or use the non-minified dev environment for full errors and additional helpful warnings.
    at Va (https://railway.com/assets/react-dom-CWIgXKDx.js:6:4758)
    at Wl (https://railway.com/assets/react-dom-CWIgXKDx.js:8:45043)
    at Pl (https://railway.com/assets/react-dom-CWIgXKDx.js:8:39294)
    at Nl (https://railway.com/assets/react-dom-CWIgXKDx.js:8:39267)
    at vl (https://railway.com/assets/react-dom-CWIgXKDx.js:8:34357)
    at te (https://railway.com/assets/react-dom-CWIgXKDx.js:1:1616)
    at MessagePort.se (https://railway.com/assets/react-dom-CWIgXKDx.js:1:1986)
[    3433ms] Error: Minified React error #418; visit https://reactjs.org/docs/error-decoder.html?invariant=418 for the full message or use the non-minified dev environment for full errors and additional helpful warnings.
    at Va (https://railway.com/assets/react-dom-CWIgXKDx.js:6:4758)
    at Wl (https://railway.com/assets/react-dom-CWIgXKDx.js:8:45043)
    at Pl (https://railway.com/assets/react-dom-CWIgXKDx.js:8:39294)
    at Nl (https://railway.com/assets/react-dom-CWIgXKDx.js:8:39267)
    at vl (https://railway.com/assets/react-dom-CWIgXKDx.js:8:34357)
    at te (https://railway.com/assets/react-dom-CWIgXKDx.js:1:1616)
    at MessagePort.se (https://railway.com/assets/react-dom-CWIgXKDx.js:1:1986)
[    3433ms] Error: Minified React error #418; visit https://reactjs.org/docs/error-decoder.html?invariant=418 for the full message or use the non-minified dev environment for full errors and additional helpful warnings.
    at Va (https://railway.com/assets/react-dom-CWIgXKDx.js:6:4758)
    at Wl (https://railway.com/assets/react-dom-CWIgXKDx.js:8:45043)
    at Pl (https://railway.com/assets/react-dom-CWIgXKDx.js:8:39294)
    at Nl (https://railway.com/assets/react-dom-CWIgXKDx.js:8:39267)
    at vl (https://railway.com/assets/react-dom-CWIgXKDx.js:8:34357)
    at te (https://railway.com/assets/react-dom-CWIgXKDx.js:1:1616)
    at MessagePort.se (https://railway.com/assets/react-dom-CWIgXKDx.js:1:1986)
[    3434ms] Error: Minified React error #418; visit https://reactjs.org/docs/error-decoder.html?invariant=418 for the full message or use the non-minified dev environment for full errors and additional helpful warnings.
    at Va (https://railway.com/assets/react-dom-CWIgXKDx.js:6:4758)
    at Wl (https://railway.com/assets/react-dom-CWIgXKDx.js:8:45043)
    at Pl (https://railway.com/assets/react-dom-CWIgXKDx.js:8:39294)
    at Nl (https://railway.com/assets/react-dom-CWIgXKDx.js:8:39267)
    at vl (https://railway.com/assets/react-dom-CWIgXKDx.js:8:34357)
    at te (https://railway.com/assets/react-dom-CWIgXKDx.js:1:1616)
    at MessagePort.se (https://railway.com/assets/react-dom-CWIgXKDx.js:1:1986)
[    3434ms] Error: Minified React error #418; visit https://reactjs.org/docs/error-decoder.html?invariant=418 for the full message or use the non-minified dev environment for full errors and additional helpful warnings.
    at Va (https://railway.com/assets/react-dom-CWIgXKDx.js:6:4758)
    at Wl (https://railway.com/assets/react-dom-CWIgXKDx.js:8:45043)
    at Pl (https://railway.com/assets/react-dom-CWIgXKDx.js:8:39294)
    at Nl (https://railway.com/assets/react-dom-CWIgXKDx.js:8:39267)
    at vl (https://railway.com/assets/react-dom-CWIgXKDx.js:8:34357)
    at te (https://railway.com/assets/react-dom-CWIgXKDx.js:1:1616)
    at MessagePort.se (https://railway.com/assets/react-dom-CWIgXKDx.js:1:1986)
[    3434ms] Error: Minified React error #418; visit https://reactjs.org/docs/error-decoder.html?invariant=418 for the full message or use the non-minified dev environment for full errors and additional helpful warnings.
    at Va (https://railway.com/assets/react-dom-CWIgXKDx.js:6:4758)
    at Wl (https://railway.com/assets/react-dom-CWIgXKDx.js:8:45043)
    at Pl (https://railway.com/assets/react-dom-CWIgXKDx.js:8:39294)
    at Nl (https://railway.com/assets/react-dom-CWIgXKDx.js:8:39267)
    at vl (https://railway.com/assets/react-dom-CWIgXKDx.js:8:34357)
    at te (https://railway.com/assets/react-dom-CWIgXKDx.js:1:1616)
    at MessagePort.se (https://railway.com/assets/react-dom-CWIgXKDx.js:1:1986)
[    3434ms] Error: Minified React error #418; visit https://reactjs.org/docs/error-decoder.html?invariant=418 for the full message or use the non-minified dev environment for full errors and additional helpful warnings.
    at Va (https://railway.com/assets/react-dom-CWIgXKDx.js:6:4758)
    at Wl (https://railway.com/assets/react-dom-CWIgXKDx.js:8:45043)
    at Pl (https://railway.com/assets/react-dom-CWIgXKDx.js:8:39294)
    at Nl (https://railway.com/assets/react-dom-CWIgXKDx.js:8:39267)
    at vl (https://railway.com/assets/react-dom-CWIgXKDx.js:8:34357)
    at te (https://railway.com/assets/react-dom-CWIgXKDx.js:1:1616)
    at MessagePort.se (https://railway.com/assets/react-dom-CWIgXKDx.js:1:1986)
[    3434ms] Error: Minified React error #418; visit https://reactjs.org/docs/error-decoder.html?invariant=418 for the full message or use the non-minified dev environment for full errors and additional helpful warnings.
    at Va (https://railway.com/assets/react-dom-CWIgXKDx.js:6:4758)
    at Wl (https://railway.com/assets/react-dom-CWIgXKDx.js:8:45043)
    at Pl (https://railway.com/assets/react-dom-CWIgXKDx.js:8:39294)
    at Nl (https://railway.com/assets/react-dom-CWIgXKDx.js:8:39267)
    at vl (https://railway.com/assets/react-dom-CWIgXKDx.js:8:34357)
    at te (https://railway.com/assets/react-dom-CWIgXKDx.js:1:1616)
    at MessagePort.se (https://railway.com/assets/react-dom-CWIgXKDx.js:1:1986)
[    3434ms] Error: Minified React error #418; visit https://reactjs.org/docs/error-decoder.html?invariant=418 for the full message or use the non-minified dev environment for full errors and additional helpful warnings.
    at Va (https://railway.com/assets/react-dom-CWIgXKDx.js:6:4758)
    at Wl (https://railway.com/assets/react-dom-CWIgXKDx.js:8:45043)
    at Pl (https://railway.com/assets/react-dom-CWIgXKDx.js:8:39294)
    at Nl (https://railway.com/assets/react-dom-CWIgXKDx.js:8:39267)
    at vl (https://railway.com/assets/react-dom-CWIgXKDx.js:8:34357)
    at te (https://railway.com/assets/react-dom-CWIgXKDx.js:1:1616)
    at MessagePort.se (https://railway.com/assets/react-dom-CWIgXKDx.js:1:1986)
[    3434ms] Error: Minified React error #418; visit https://reactjs.org/docs/error-decoder.html?invariant=418 for the full message or use the non-minified dev environment for full errors and additional helpful warnings.
    at Va (https://railway.com/assets/react-dom-CWIgXKDx.js:6:4758)
    at Wl (https://railway.com/assets/react-dom-CWIgXKDx.js:8:45043)
    at Pl (https://railway.com/assets/react-dom-CWIgXKDx.js:8:39294)
    at Nl (https://railway.com/assets/react-dom-CWIgXKDx.js:8:39267)
    at vl (https://railway.com/assets/react-dom-CWIgXKDx.js:8:34357)
    at te (https://railway.com/assets/react-dom-CWIgXKDx.js:1:1616)
    at MessagePort.se (https://railway.com/assets/react-dom-CWIgXKDx.js:1:1986)
[    3434ms] Error: Minified React error #418; visit https://reactjs.org/docs/error-decoder.html?invariant=418 for the full message or use the non-minified dev environment for full errors and additional helpful warnings.
    at Va (https://railway.com/assets/react-dom-CWIgXKDx.js:6:4758)
    at Wl (https://railway.com/assets/react-dom-CWIgXKDx.js:8:45043)
    at Pl (https://railway.com/assets/react-dom-CWIgXKDx.js:8:39294)
    at Nl (https://railway.com/assets/react-dom-CWIgXKDx.js:8:39267)
    at vl (https://railway.com/assets/react-dom-CWIgXKDx.js:8:34357)
    at te (https://railway.com/assets/react-dom-CWIgXKDx.js:1:1616)
    at MessagePort.se (https://railway.com/assets/react-dom-CWIgXKDx.js:1:1986)
[    3435ms] Error: Minified React error #418; visit https://reactjs.org/docs/error-decoder.html?invariant=418 for the full message or use the non-minified dev environment for full errors and additional helpful warnings.
    at Va (https://railway.com/assets/react-dom-CWIgXKDx.js:6:4758)
    at Wl (https://railway.com/assets/react-dom-CWIgXKDx.js:8:45043)
    at Pl (https://railway.com/assets/react-dom-CWIgXKDx.js:8:39294)
    at Nl (https://railway.com/assets/react-dom-CWIgXKDx.js:8:39267)
    at vl (https://railway.com/assets/react-dom-CWIgXKDx.js:8:34357)
    at te (https://railway.com/assets/react-dom-CWIgXKDx.js:1:1616)
    at MessagePort.se (https://railway.com/assets/react-dom-CWIgXKDx.js:1:1986)
[    3435ms] Error: Minified React error #418; visit https://reactjs.org/docs/error-decoder.html?invariant=418 for the full message or use the non-minified dev environment for full errors and additional helpful warnings.
    at Va (https://railway.com/assets/react-dom-CWIgXKDx.js:6:4758)
    at Wl (https://railway.com/assets/react-dom-CWIgXKDx.js:8:45043)
    at Pl (https://railway.com/assets/react-dom-CWIgXKDx.js:8:39294)
    at Nl (https://railway.com/assets/react-dom-CWIgXKDx.js:8:39267)
    at vl (https://railway.com/assets/react-dom-CWIgXKDx.js:8:34357)
    at te (https://railway.com/assets/react-dom-CWIgXKDx.js:1:1616)
    at MessagePort.se (https://railway.com/assets/react-dom-CWIgXKDx.js:1:1986)
[    3435ms] Error: Minified React error #418; visit https://reactjs.org/docs/error-decoder.html?invariant=418 for the full message or use the non-minified dev environment for full errors and additional helpful warnings.
    at Va (https://railway.com/assets/react-dom-CWIgXKDx.js:6:4758)
    at Wl (https://railway.com/assets/react-dom-CWIgXKDx.js:8:45043)
    at Pl (https://railway.com/assets/react-dom-CWIgXKDx.js:8:39294)
    at Nl (https://railway.com/assets/react-dom-CWIgXKDx.js:8:39267)
    at vl (https://railway.com/assets/react-dom-CWIgXKDx.js:8:34357)
    at te (https://railway.com/assets/react-dom-CWIgXKDx.js:1:1616)
    at MessagePort.se (https://railway.com/assets/react-dom-CWIgXKDx.js:1:1986)
[    3435ms] Error: Minified React error #418; visit https://reactjs.org/docs/error-decoder.html?invariant=418 for the full message or use the non-minified dev environment for full errors and additional helpful warnings.
    at Va (https://railway.com/assets/react-dom-CWIgXKDx.js:6:4758)
    at Wl (https://railway.com/assets/react-dom-CWIgXKDx.js:8:45043)
    at Pl (https://railway.com/assets/react-dom-CWIgXKDx.js:8:39294)
    at Nl (https://railway.com/assets/react-dom-CWIgXKDx.js:8:39267)
    at vl (https://railway.com/assets/react-dom-CWIgXKDx.js:8:34357)
    at te (https://railway.com/assets/react-dom-CWIgXKDx.js:1:1616)
    at MessagePort.se (https://railway.com/assets/react-dom-CWIgXKDx.js:1:1986)
[    3435ms] Error: Minified React error #418; visit https://reactjs.org/docs/error-decoder.html?invariant=418 for the full message or use the non-minified dev environment for full errors and additional helpful warnings.
    at Va (https://railway.com/assets/react-dom-CWIgXKDx.js:6:4758)
    at Wl (https://railway.com/assets/react-dom-CWIgXKDx.js:8:45043)
    at Pl (https://railway.com/assets/react-dom-CWIgXKDx.js:8:39294)
    at Nl (https://railway.com/assets/react-dom-CWIgXKDx.js:8:39267)
    at vl (https://railway.com/assets/react-dom-CWIgXKDx.js:8:34357)
    at te (https://railway.com/assets/react-dom-CWIgXKDx.js:1:1616)
    at MessagePort.se (https://railway.com/assets/react-dom-CWIgXKDx.js:1:1986)
[    3435ms] Error: Minified React error #418; visit https://reactjs.org/docs/error-decoder.html?invariant=418 for the full message or use the non-minified dev environment for full errors and additional helpful warnings.
    at Va (https://railway.com/assets/react-dom-CWIgXKDx.js:6:4758)
    at Wl (https://railway.com/assets/react-dom-CWIgXKDx.js:8:45043)
    at Pl (https://railway.com/assets/react-dom-CWIgXKDx.js:8:39294)
    at Nl (https://railway.com/assets/react-dom-CWIgXKDx.js:8:39267)
    at vl (https://railway.com/assets/react-dom-CWIgXKDx.js:8:34357)
    at te (https://railway.com/assets/react-dom-CWIgXKDx.js:1:1616)
    at MessagePort.se (https://railway.com/assets/react-dom-CWIgXKDx.js:1:1986)
[    3435ms] Error: Minified React error #418; visit https://reactjs.org/docs/error-decoder.html?invariant=418 for the full message or use the non-minified dev environment for full errors and additional helpful warnings.
    at Va (https://railway.com/assets/react-dom-CWIgXKDx.js:6:4758)
    at Wl (https://railway.com/assets/react-dom-CWIgXKDx.js:8:45043)
    at Pl (https://railway.com/assets/react-dom-CWIgXKDx.js:8:39294)
    at Nl (https://railway.com/assets/react-dom-CWIgXKDx.js:8:39267)
    at vl (https://railway.com/assets/react-dom-CWIgXKDx.js:8:34357)
    at te (https://railway.com/assets/react-dom-CWIgXKDx.js:1:1616)
    at MessagePort.se (https://railway.com/assets/react-dom-CWIgXKDx.js:1:1986)
[    3435ms] Error: Minified React error #418; visit https://reactjs.org/docs/error-decoder.html?invariant=418 for the full message or use the non-minified dev environment for full errors and additional helpful warnings.
    at Va (https://railway.com/assets/react-dom-CWIgXKDx.js:6:4758)
    at Wl (https://railway.com/assets/react-dom-CWIgXKDx.js:8:45043)
    at Pl (https://railway.com/assets/react-dom-CWIgXKDx.js:8:39294)
    at Nl (https://railway.com/assets/react-dom-CWIgXKDx.js:8:39267)
    at vl (https://railway.com/assets/react-dom-CWIgXKDx.js:8:34357)
    at te (https://railway.com/assets/react-dom-CWIgXKDx.js:1:1616)
    at MessagePort.se (https://railway.com/assets/react-dom-CWIgXKDx.js:1:1986)
[    3435ms] Error: Minified React error #418; visit https://reactjs.org/docs/error-decoder.html?invariant=418 for the full message or use the non-minified dev environment for full errors and additional helpful warnings.
    at Va (https://railway.com/assets/react-dom-CWIgXKDx.js:6:4758)
    at Wl (https://railway.com/assets/react-dom-CWIgXKDx.js:8:45043)
    at Pl (https://railway.com/assets/react-dom-CWIgXKDx.js:8:39294)
    at Nl (https://railway.com/assets/react-dom-CWIgXKDx.js:8:39267)
    at vl (https://railway.com/assets/react-dom-CWIgXKDx.js:8:34357)
    at te (https://railway.com/assets/react-dom-CWIgXKDx.js:1:1616)
    at MessagePort.se (https://railway.com/assets/react-dom-CWIgXKDx.js:1:1986)
[    3435ms] Error: Minified React error #418; visit https://reactjs.org/docs/error-decoder.html?invariant=418 for the full message or use the non-minified dev environment for full errors and additional helpful warnings.
    at Va (https://railway.com/assets/react-dom-CWIgXKDx.js:6:4758)
    at Wl (https://railway.com/assets/react-dom-CWIgXKDx.js:8:45043)
    at Pl (https://railway.com/assets/react-dom-CWIgXKDx.js:8:39294)
    at Nl (https://railway.com/assets/react-dom-CWIgXKDx.js:8:39267)
    at vl (https://railway.com/assets/react-dom-CWIgXKDx.js:8:34357)
    at te (https://railway.com/assets/react-dom-CWIgXKDx.js:1:1616)
    at MessagePort.se (https://railway.com/assets/react-dom-CWIgXKDx.js:1:1986)
[    3436ms] Error: Minified React error #418; visit https://reactjs.org/docs/error-decoder.html?invariant=418 for the full message or use the non-minified dev environment for full errors and additional helpful warnings.
    at Va (https://railway.com/assets/react-dom-CWIgXKDx.js:6:4758)
    at Wl (https://railway.com/assets/react-dom-CWIgXKDx.js:8:45043)
    at Pl (https://railway.com/assets/react-dom-CWIgXKDx.js:8:39294)
    at Nl (https://railway.com/assets/react-dom-CWIgXKDx.js:8:39267)
    at vl (https://railway.com/assets/react-dom-CWIgXKDx.js:8:34357)
    at te (https://railway.com/assets/react-dom-CWIgXKDx.js:1:1616)
    at MessagePort.se (https://railway.com/assets/react-dom-CWIgXKDx.js:1:1986)
[    3436ms] Error: Minified React error #418; visit https://reactjs.org/docs/error-decoder.html?invariant=418 for the full message or use the non-minified dev environment for full errors and additional helpful warnings.
    at Va (https://railway.com/assets/react-dom-CWIgXKDx.js:6:4758)
    at Wl (https://railway.com/assets/react-dom-CWIgXKDx.js:8:45043)
    at Pl (https://railway.com/assets/react-dom-CWIgXKDx.js:8:39294)
    at Nl (https://railway.com/assets/react-dom-CWIgXKDx.js:8:39267)
    at vl (https://railway.com/assets/react-dom-CWIgXKDx.js:8:34357)
    at te (https://railway.com/assets/react-dom-CWIgXKDx.js:1:1616)
    at MessagePort.se (https://railway.com/assets/react-dom-CWIgXKDx.js:1:1986)
[    3436ms] Error: Minified React error #418; visit https://reactjs.org/docs/error-decoder.html?invariant=418 for the full message or use the non-minified dev environment for full errors and additional helpful warnings.
    at Va (https://railway.com/assets/react-dom-CWIgXKDx.js:6:4758)
    at Wl (https://railway.com/assets/react-dom-CWIgXKDx.js:8:45043)
    at Pl (https://railway.com/assets/react-dom-CWIgXKDx.js:8:39294)
    at Nl (https://railway.com/assets/react-dom-CWIgXKDx.js:8:39267)
    at vl (https://railway.com/assets/react-dom-CWIgXKDx.js:8:34357)
    at te (https://railway.com/assets/react-dom-CWIgXKDx.js:1:1616)
    at MessagePort.se (https://railway.com/assets/react-dom-CWIgXKDx.js:1:1986)
[    3436ms] Error: Minified React error #418; visit https://reactjs.org/docs/error-decoder.html?invariant=418 for the full message or use the non-minified dev environment for full errors and additional helpful warnings.
    at Va (https://railway.com/assets/react-dom-CWIgXKDx.js:6:4758)
    at Wl (https://railway.com/assets/react-dom-CWIgXKDx.js:8:45043)
    at Pl (https://railway.com/assets/react-dom-CWIgXKDx.js:8:39294)
    at Nl (https://railway.com/assets/react-dom-CWIgXKDx.js:8:39267)
    at vl (https://railway.com/assets/react-dom-CWIgXKDx.js:8:34357)
    at te (https://railway.com/assets/react-dom-CWIgXKDx.js:1:1616)
    at MessagePort.se (https://railway.com/assets/react-dom-CWIgXKDx.js:1:1986)
[    3436ms] Error: Minified React error #418; visit https://reactjs.org/docs/error-decoder.html?invariant=418 for the full message or use the non-minified dev environment for full errors and additional helpful warnings.
    at Va (https://railway.com/assets/react-dom-CWIgXKDx.js:6:4758)
    at Wl (https://railway.com/assets/react-dom-CWIgXKDx.js:8:45043)
    at Pl (https://railway.com/assets/react-dom-CWIgXKDx.js:8:39294)
    at Nl (https://railway.com/assets/react-dom-CWIgXKDx.js:8:39267)
    at vl (https://railway.com/assets/react-dom-CWIgXKDx.js:8:34357)
    at te (https://railway.com/assets/react-dom-CWIgXKDx.js:1:1616)
    at MessagePort.se (https://railway.com/assets/react-dom-CWIgXKDx.js:1:1986)
[    3436ms] Error: Minified React error #418; visit https://reactjs.org/docs/error-decoder.html?invariant=418 for the full message or use the non-minified dev environment for full errors and additional helpful warnings.
    at Va (https://railway.com/assets/react-dom-CWIgXKDx.js:6:4758)
    at Wl (https://railway.com/assets/react-dom-CWIgXKDx.js:8:45043)
    at Pl (https://railway.com/assets/react-dom-CWIgXKDx.js:8:39294)
    at Nl (https://railway.com/assets/react-dom-CWIgXKDx.js:8:39267)
    at vl (https://railway.com/assets/react-dom-CWIgXKDx.js:8:34357)
    at te (https://railway.com/assets/react-dom-CWIgXKDx.js:1:1616)
    at MessagePort.se (https://railway.com/assets/react-dom-CWIgXKDx.js:1:1986)
[    3436ms] Error: Minified React error #418; visit https://reactjs.org/docs/error-decoder.html?invariant=418 for the full message or use the non-minified dev environment for full errors and additional helpful warnings.
    at Va (https://railway.com/assets/react-dom-CWIgXKDx.js:6:4758)
    at Wl (https://railway.com/assets/react-dom-CWIgXKDx.js:8:45043)
    at Pl (https://railway.com/assets/react-dom-CWIgXKDx.js:8:39294)
    at Nl (https://railway.com/assets/react-dom-CWIgXKDx.js:8:39267)
    at vl (https://railway.com/assets/react-dom-CWIgXKDx.js:8:34357)
    at te (https://railway.com/assets/react-dom-CWIgXKDx.js:1:1616)
    at MessagePort.se (https://railway.com/assets/react-dom-CWIgXKDx.js:1:1986)
[    3436ms] Error: Minified React error #418; visit https://reactjs.org/docs/error-decoder.html?invariant=418 for the full message or use the non-minified dev environment for full errors and additional helpful warnings.
    at Va (https://railway.com/assets/react-dom-CWIgXKDx.js:6:4758)
    at Wl (https://railway.com/assets/react-dom-CWIgXKDx.js:8:45043)
    at Pl (https://railway.com/assets/react-dom-CWIgXKDx.js:8:39294)
    at Nl (https://railway.com/assets/react-dom-CWIgXKDx.js:8:39267)
    at vl (https://railway.com/assets/react-dom-CWIgXKDx.js:8:34357)
    at te (https://railway.com/assets/react-dom-CWIgXKDx.js:1:1616)
    at MessagePort.se (https://railway.com/assets/react-dom-CWIgXKDx.js:1:1986)
[    3437ms] Error: Minified React error #418; visit https://reactjs.org/docs/error-decoder.html?invariant=418 for the full message or use the non-minified dev environment for full errors and additional helpful warnings.
    at Va (https://railway.com/assets/react-dom-CWIgXKDx.js:6:4758)
    at Wl (https://railway.com/assets/react-dom-CWIgXKDx.js:8:45043)
    at Pl (https://railway.com/assets/react-dom-CWIgXKDx.js:8:39294)
    at Nl (https://railway.com/assets/react-dom-CWIgXKDx.js:8:39267)
    at vl (https://railway.com/assets/react-dom-CWIgXKDx.js:8:34357)
    at te (https://railway.com/assets/react-dom-CWIgXKDx.js:1:1616)
    at MessagePort.se (https://railway.com/assets/react-dom-CWIgXKDx.js:1:1986)
[    3437ms] Error: Minified React error #418; visit https://reactjs.org/docs/error-decoder.html?invariant=418 for the full message or use the non-minified dev environment for full errors and additional helpful warnings.
    at Va (https://railway.com/assets/react-dom-CWIgXKDx.js:6:4758)
    at Wl (https://railway.com/assets/react-dom-CWIgXKDx.js:8:45043)
    at Pl (https://railway.com/assets/react-dom-CWIgXKDx.js:8:39294)
    at Nl (https://railway.com/assets/react-dom-CWIgXKDx.js:8:39267)
    at vl (https://railway.com/assets/react-dom-CWIgXKDx.js:8:34357)
    at te (https://railway.com/assets/react-dom-CWIgXKDx.js:1:1616)
    at MessagePort.se (https://railway.com/assets/react-dom-CWIgXKDx.js:1:1986)
[    3437ms] Error: Minified React error #418; visit https://reactjs.org/docs/error-decoder.html?invariant=418 for the full message or use the non-minified dev environment for full errors and additional helpful warnings.
    at Va (https://railway.com/assets/react-dom-CWIgXKDx.js:6:4758)
    at Wl (https://railway.com/assets/react-dom-CWIgXKDx.js:8:45043)
    at Pl (https://railway.com/assets/react-dom-CWIgXKDx.js:8:39294)
    at Nl (https://railway.com/assets/react-dom-CWIgXKDx.js:8:39267)
    at vl (https://railway.com/assets/react-dom-CWIgXKDx.js:8:34357)
    at te (https://railway.com/assets/react-dom-CWIgXKDx.js:1:1616)
    at MessagePort.se (https://railway.com/assets/react-dom-CWIgXKDx.js:1:1986)
[    3437ms] Error: Minified React error #418; visit https://reactjs.org/docs/error-decoder.html?invariant=418 for the full message or use the non-minified dev environment for full errors and additional helpful warnings.
    at Va (https://railway.com/assets/react-dom-CWIgXKDx.js:6:4758)
    at Wl (https://railway.com/assets/react-dom-CWIgXKDx.js:8:45043)
    at Pl (https://railway.com/assets/react-dom-CWIgXKDx.js:8:39294)
    at Nl (https://railway.com/assets/react-dom-CWIgXKDx.js:8:39267)
    at vl (https://railway.com/assets/react-dom-CWIgXKDx.js:8:34357)
    at te (https://railway.com/assets/react-dom-CWIgXKDx.js:1:1616)
    at MessagePort.se (https://railway.com/assets/react-dom-CWIgXKDx.js:1:1986)
[    3437ms] Error: Minified React error #418; visit https://reactjs.org/docs/error-decoder.html?invariant=418 for the full message or use the non-minified dev environment for full errors and additional helpful warnings.
    at Va (https://railway.com/assets/react-dom-CWIgXKDx.js:6:4758)
    at Wl (https://railway.com/assets/react-dom-CWIgXKDx.js:8:45043)
    at Pl (https://railway.com/assets/react-dom-CWIgXKDx.js:8:39294)
    at Nl (https://railway.com/assets/react-dom-CWIgXKDx.js:8:39267)
    at vl (https://railway.com/assets/react-dom-CWIgXKDx.js:8:34357)
    at te (https://railway.com/assets/react-dom-CWIgXKDx.js:1:1616)
    at MessagePort.se (https://railway.com/assets/react-dom-CWIgXKDx.js:1:1986)
[    3437ms] Error: Minified React error #418; visit https://reactjs.org/docs/error-decoder.html?invariant=418 for the full message or use the non-minified dev environment for full errors and additional helpful warnings.
    at Va (https://railway.com/assets/react-dom-CWIgXKDx.js:6:4758)
    at Wl (https://railway.com/assets/react-dom-CWIgXKDx.js:8:45043)
    at Pl (https://railway.com/assets/react-dom-CWIgXKDx.js:8:39294)
    at Nl (https://railway.com/assets/react-dom-CWIgXKDx.js:8:39267)
    at vl (https://railway.com/assets/react-dom-CWIgXKDx.js:8:34357)
    at te (https://railway.com/assets/react-dom-CWIgXKDx.js:1:1616)
    at MessagePort.se (https://railway.com/assets/react-dom-CWIgXKDx.js:1:1986)
[    3437ms] Error: Minified React error #418; visit https://reactjs.org/docs/error-decoder.html?invariant=418 for the full message or use the non-minified dev environment for full errors and additional helpful warnings.
    at Va (https://railway.com/assets/react-dom-CWIgXKDx.js:6:4758)
    at Wl (https://railway.com/assets/react-dom-CWIgXKDx.js:8:45043)
    at Pl (https://railway.com/assets/react-dom-CWIgXKDx.js:8:39294)
    at Nl (https://railway.com/assets/react-dom-CWIgXKDx.js:8:39267)
    at vl (https://railway.com/assets/react-dom-CWIgXKDx.js:8:34357)
    at te (https://railway.com/assets/react-dom-CWIgXKDx.js:1:1616)
    at MessagePort.se (https://railway.com/assets/react-dom-CWIgXKDx.js:1:1986)
[    3437ms] Error: Minified React error #418; visit https://reactjs.org/docs/error-decoder.html?invariant=418 for the full message or use the non-minified dev environment for full errors and additional helpful warnings.
    at Va (https://railway.com/assets/react-dom-CWIgXKDx.js:6:4758)
    at Wl (https://railway.com/assets/react-dom-CWIgXKDx.js:8:45043)
    at Pl (https://railway.com/assets/react-dom-CWIgXKDx.js:8:39294)
    at Nl (https://railway.com/assets/react-dom-CWIgXKDx.js:8:39267)
    at vl (https://railway.com/assets/react-dom-CWIgXKDx.js:8:34357)
    at te (https://railway.com/assets/react-dom-CWIgXKDx.js:1:1616)
    at MessagePort.se (https://railway.com/assets/react-dom-CWIgXKDx.js:1:1986)
[    3438ms] Error: Minified React error #418; visit https://reactjs.org/docs/error-decoder.html?invariant=418 for the full message or use the non-minified dev environment for full errors and additional helpful warnings.
    at Va (https://railway.com/assets/react-dom-CWIgXKDx.js:6:4758)
    at Wl (https://railway.com/assets/react-dom-CWIgXKDx.js:8:45043)
    at Pl (https://railway.com/assets/react-dom-CWIgXKDx.js:8:39294)
    at Nl (https://railway.com/assets/react-dom-CWIgXKDx.js:8:39267)
    at vl (https://railway.com/assets/react-dom-CWIgXKDx.js:8:34357)
    at te (https://railway.com/assets/react-dom-CWIgXKDx.js:1:1616)
    at MessagePort.se (https://railway.com/assets/react-dom-CWIgXKDx.js:1:1986)
[    3438ms] Error: Minified React error #418; visit https://reactjs.org/docs/error-decoder.html?invariant=418 for the full message or use the non-minified dev environment for full errors and additional helpful warnings.
    at Va (https://railway.com/assets/react-dom-CWIgXKDx.js:6:4758)
    at Wl (https://railway.com/assets/react-dom-CWIgXKDx.js:8:45043)
    at Pl (https://railway.com/assets/react-dom-CWIgXKDx.js:8:39294)
    at Nl (https://railway.com/assets/react-dom-CWIgXKDx.js:8:39267)
    at vl (https://railway.com/assets/react-dom-CWIgXKDx.js:8:34357)
    at te (https://railway.com/assets/react-dom-CWIgXKDx.js:1:1616)
    at MessagePort.se (https://railway.com/assets/react-dom-CWIgXKDx.js:1:1986)
[    3438ms] Error: Minified React error #418; visit https://reactjs.org/docs/error-decoder.html?invariant=418 for the full message or use the non-minified dev environment for full errors and additional helpful warnings.
    at Va (https://railway.com/assets/react-dom-CWIgXKDx.js:6:4758)
    at Wl (https://railway.com/assets/react-dom-CWIgXKDx.js:8:45043)
    at Pl (https://railway.com/assets/react-dom-CWIgXKDx.js:8:39294)
    at Nl (https://railway.com/assets/react-dom-CWIgXKDx.js:8:39267)
    at vl (https://railway.com/assets/react-dom-CWIgXKDx.js:8:34357)
    at te (https://railway.com/assets/react-dom-CWIgXKDx.js:1:1616)
    at MessagePort.se (https://railway.com/assets/react-dom-CWIgXKDx.js:1:1986)
[    3438ms] Error: Minified React error #418; visit https://reactjs.org/docs/error-decoder.html?invariant=418 for the full message or use the non-minified dev environment for full errors and additional helpful warnings.
    at Va (https://railway.com/assets/react-dom-CWIgXKDx.js:6:4758)
    at Wl (https://railway.com/assets/react-dom-CWIgXKDx.js:8:45043)
    at Pl (https://railway.com/assets/react-dom-CWIgXKDx.js:8:39294)
    at Nl (https://railway.com/assets/react-dom-CWIgXKDx.js:8:39267)
    at vl (https://railway.com/assets/react-dom-CWIgXKDx.js:8:34357)
    at te (https://railway.com/assets/react-dom-CWIgXKDx.js:1:1616)
    at MessagePort.se (https://railway.com/assets/react-dom-CWIgXKDx.js:1:1986)
[    3438ms] Error: Minified React error #418; visit https://reactjs.org/docs/error-decoder.html?invariant=418 for the full message or use the non-minified dev environment for full errors and additional helpful warnings.
    at Va (https://railway.com/assets/react-dom-CWIgXKDx.js:6:4758)
    at Wl (https://railway.com/assets/react-dom-CWIgXKDx.js:8:45043)
    at Pl (https://railway.com/assets/react-dom-CWIgXKDx.js:8:39294)
    at Nl (https://railway.com/assets/react-dom-CWIgXKDx.js:8:39267)
    at vl (https://railway.com/assets/react-dom-CWIgXKDx.js:8:34357)
    at te (https://railway.com/assets/react-dom-CWIgXKDx.js:1:1616)
    at MessagePort.se (https://railway.com/assets/react-dom-CWIgXKDx.js:1:1986)
[    3438ms] Error: Minified React error #418; visit https://reactjs.org/docs/error-decoder.html?invariant=418 for the full message or use the non-minified dev environment for full errors and additional helpful warnings.
    at Va (https://railway.com/assets/react-dom-CWIgXKDx.js:6:4758)
    at Wl (https://railway.com/assets/react-dom-CWIgXKDx.js:8:45043)
    at Pl (https://railway.com/assets/react-dom-CWIgXKDx.js:8:39294)
    at Nl (https://railway.com/assets/react-dom-CWIgXKDx.js:8:39267)
    at vl (https://railway.com/assets/react-dom-CWIgXKDx.js:8:34357)
    at te (https://railway.com/assets/react-dom-CWIgXKDx.js:1:1616)
    at MessagePort.se (https://railway.com/assets/react-dom-CWIgXKDx.js:1:1986)
[    3438ms] Error: Minified React error #418; visit https://reactjs.org/docs/error-decoder.html?invariant=418 for the full message or use the non-minified dev environment for full errors and additional helpful warnings.
    at Va (https://railway.com/assets/react-dom-CWIgXKDx.js:6:4758)
    at Wl (https://railway.com/assets/react-dom-CWIgXKDx.js:8:45043)
    at Pl (https://railway.com/assets/react-dom-CWIgXKDx.js:8:39294)
    at Nl (https://railway.com/assets/react-dom-CWIgXKDx.js:8:39267)
    at vl (https://railway.com/assets/react-dom-CWIgXKDx.js:8:34357)
    at te (https://railway.com/assets/react-dom-CWIgXKDx.js:1:1616)
    at MessagePort.se (https://railway.com/assets/react-dom-CWIgXKDx.js:1:1986)
[    3438ms] Error: Minified React error #418; visit https://reactjs.org/docs/error-decoder.html?invariant=418 for the full message or use the non-minified dev environment for full errors and additional helpful warnings.
    at Va (https://railway.com/assets/react-dom-CWIgXKDx.js:6:4758)
    at Wl (https://railway.com/assets/react-dom-CWIgXKDx.js:8:45043)
    at Pl (https://railway.com/assets/react-dom-CWIgXKDx.js:8:39294)
    at Nl (https://railway.com/assets/react-dom-CWIgXKDx.js:8:39267)
    at vl (https://railway.com/assets/react-dom-CWIgXKDx.js:8:34357)
    at te (https://railway.com/assets/react-dom-CWIgXKDx.js:1:1616)
    at MessagePort.se (https://railway.com/assets/react-dom-CWIgXKDx.js:1:1986)
[    3438ms] Error: Minified React error #418; visit https://reactjs.org/docs/error-decoder.html?invariant=418 for the full message or use the non-minified dev environment for full errors and additional helpful warnings.
    at Va (https://railway.com/assets/react-dom-CWIgXKDx.js:6:4758)
    at Wl (https://railway.com/assets/react-dom-CWIgXKDx.js:8:45043)
    at Pl (https://railway.com/assets/react-dom-CWIgXKDx.js:8:39294)
    at Nl (https://railway.com/assets/react-dom-CWIgXKDx.js:8:39267)
    at vl (https://railway.com/assets/react-dom-CWIgXKDx.js:8:34357)
    at te (https://railway.com/assets/react-dom-CWIgXKDx.js:1:1616)
    at MessagePort.se (https://railway.com/assets/react-dom-CWIgXKDx.js:1:1986)
[    3438ms] Error: Minified React error #418; visit https://reactjs.org/docs/error-decoder.html?invariant=418 for the full message or use the non-minified dev environment for full errors and additional helpful warnings.
    at Va (https://railway.com/assets/react-dom-CWIgXKDx.js:6:4758)
    at Wl (https://railway.com/assets/react-dom-CWIgXKDx.js:8:45043)
    at Pl (https://railway.com/assets/react-dom-CWIgXKDx.js:8:39294)
    at Nl (https://railway.com/assets/react-dom-CWIgXKDx.js:8:39267)
    at vl (https://railway.com/assets/react-dom-CWIgXKDx.js:8:34357)
    at te (https://railway.com/assets/react-dom-CWIgXKDx.js:1:1616)
    at MessagePort.se (https://railway.com/assets/react-dom-CWIgXKDx.js:1:1986)
[    3438ms] Error: Minified React error #418; visit https://reactjs.org/docs/error-decoder.html?invariant=418 for the full message or use the non-minified dev environment for full errors and additional helpful warnings.
    at Va (https://railway.com/assets/react-dom-CWIgXKDx.js:6:4758)
    at Wl (https://railway.com/assets/react-dom-CWIgXKDx.js:8:45043)
    at Pl (https://railway.com/assets/react-dom-CWIgXKDx.js:8:39294)
    at Nl (https://railway.com/assets/react-dom-CWIgXKDx.js:8:39267)
    at vl (https://railway.com/assets/react-dom-CWIgXKDx.js:8:34357)
    at te (https://railway.com/assets/react-dom-CWIgXKDx.js:1:1616)
    at MessagePort.se (https://railway.com/assets/react-dom-CWIgXKDx.js:1:1986)
[    3438ms] Error: Minified React error #418; visit https://reactjs.org/docs/error-decoder.html?invariant=418 for the full message or use the non-minified dev environment for full errors and additional helpful warnings.
    at Va (https://railway.com/assets/react-dom-CWIgXKDx.js:6:4758)
    at Wl (https://railway.com/assets/react-dom-CWIgXKDx.js:8:45043)
    at Pl (https://railway.com/assets/react-dom-CWIgXKDx.js:8:39294)
    at Nl (https://railway.com/assets/react-dom-CWIgXKDx.js:8:39267)
    at vl (https://railway.com/assets/react-dom-CWIgXKDx.js:8:34357)
    at te (https://railway.com/assets/react-dom-CWIgXKDx.js:1:1616)
    at MessagePort.se (https://railway.com/assets/react-dom-CWIgXKDx.js:1:1986)
[    3439ms] Error: Minified React error #418; visit https://reactjs.org/docs/error-decoder.html?invariant=418 for the full message or use the non-minified dev environment for full errors and additional helpful warnings.
    at Va (https://railway.com/assets/react-dom-CWIgXKDx.js:6:4758)
    at Wl (https://railway.com/assets/react-dom-CWIgXKDx.js:8:45043)
    at Pl (https://railway.com/assets/react-dom-CWIgXKDx.js:8:39294)
    at Nl (https://railway.com/assets/react-dom-CWIgXKDx.js:8:39267)
    at vl (https://railway.com/assets/react-dom-CWIgXKDx.js:8:34357)
    at te (https://railway.com/assets/react-dom-CWIgXKDx.js:1:1616)
    at MessagePort.se (https://railway.com/assets/react-dom-CWIgXKDx.js:1:1986)
[    3439ms] Error: Minified React error #418; visit https://reactjs.org/docs/error-decoder.html?invariant=418 for the full message or use the non-minified dev environment for full errors and additional helpful warnings.
    at Va (https://railway.com/assets/react-dom-CWIgXKDx.js:6:4758)
    at Wl (https://railway.com/assets/react-dom-CWIgXKDx.js:8:45043)
    at Pl (https://railway.com/assets/react-dom-CWIgXKDx.js:8:39294)
    at Nl (https://railway.com/assets/react-dom-CWIgXKDx.js:8:39267)
    at vl (https://railway.com/assets/react-dom-CWIgXKDx.js:8:34357)
    at te (https://railway.com/assets/react-dom-CWIgXKDx.js:1:1616)
    at MessagePort.se (https://railway.com/assets/react-dom-CWIgXKDx.js:1:1986)
[    3439ms] Error: Minified React error #418; visit https://reactjs.org/docs/error-decoder.html?invariant=418 for the full message or use the non-minified dev environment for full errors and additional helpful warnings.
    at Va (https://railway.com/assets/react-dom-CWIgXKDx.js:6:4758)
    at Wl (https://railway.com/assets/react-dom-CWIgXKDx.js:8:45043)
    at Pl (https://railway.com/assets/react-dom-CWIgXKDx.js:8:39294)
    at Nl (https://railway.com/assets/react-dom-CWIgXKDx.js:8:39267)
    at vl (https://railway.com/assets/react-dom-CWIgXKDx.js:8:34357)
    at te (https://railway.com/assets/react-dom-CWIgXKDx.js:1:1616)
    at MessagePort.se (https://railway.com/assets/react-dom-CWIgXKDx.js:1:1986)
[    3439ms] Error: Minified React error #418; visit https://reactjs.org/docs/error-decoder.html?invariant=418 for the full message or use the non-minified dev environment for full errors and additional helpful warnings.
    at Va (https://railway.com/assets/react-dom-CWIgXKDx.js:6:4758)
    at Wl (https://railway.com/assets/react-dom-CWIgXKDx.js:8:45043)
    at Pl (https://railway.com/assets/react-dom-CWIgXKDx.js:8:39294)
    at Nl (https://railway.com/assets/react-dom-CWIgXKDx.js:8:39267)
    at vl (https://railway.com/assets/react-dom-CWIgXKDx.js:8:34357)
    at te (https://railway.com/assets/react-dom-CWIgXKDx.js:1:1616)
    at MessagePort.se (https://railway.com/assets/react-dom-CWIgXKDx.js:1:1986)
[    3439ms] Error: Minified React error #418; visit https://reactjs.org/docs/error-decoder.html?invariant=418 for the full message or use the non-minified dev environment for full errors and additional helpful warnings.
    at Va (https://railway.com/assets/react-dom-CWIgXKDx.js:6:4758)
    at Wl (https://railway.com/assets/react-dom-CWIgXKDx.js:8:45043)
    at Pl (https://railway.com/assets/react-dom-CWIgXKDx.js:8:39294)
    at Nl (https://railway.com/assets/react-dom-CWIgXKDx.js:8:39267)
    at vl (https://railway.com/assets/react-dom-CWIgXKDx.js:8:34357)
    at te (https://railway.com/assets/react-dom-CWIgXKDx.js:1:1616)
    at MessagePort.se (https://railway.com/assets/react-dom-CWIgXKDx.js:1:1986)
[    3439ms] Error: Minified React error #418; visit https://reactjs.org/docs/error-decoder.html?invariant=418 for the full message or use the non-minified dev environment for full errors and additional helpful warnings.
    at Va (https://railway.com/assets/react-dom-CWIgXKDx.js:6:4758)
    at Wl (https://railway.com/assets/react-dom-CWIgXKDx.js:8:45043)
    at Pl (https://railway.com/assets/react-dom-CWIgXKDx.js:8:39294)
    at Nl (https://railway.com/assets/react-dom-CWIgXKDx.js:8:39267)
    at vl (https://railway.com/assets/react-dom-CWIgXKDx.js:8:34357)
    at te (https://railway.com/assets/react-dom-CWIgXKDx.js:1:1616)
    at MessagePort.se (https://railway.com/assets/react-dom-CWIgXKDx.js:1:1986)
[    3439ms] Error: Minified React error #418; visit https://reactjs.org/docs/error-decoder.html?invariant=418 for the full message or use the non-minified dev environment for full errors and additional helpful warnings.
    at Va (https://railway.com/assets/react-dom-CWIgXKDx.js:6:4758)
    at Wl (https://railway.com/assets/react-dom-CWIgXKDx.js:8:45043)
    at Pl (https://railway.com/assets/react-dom-CWIgXKDx.js:8:39294)
    at Nl (https://railway.com/assets/react-dom-CWIgXKDx.js:8:39267)
    at vl (https://railway.com/assets/react-dom-CWIgXKDx.js:8:34357)
    at te (https://railway.com/assets/react-dom-CWIgXKDx.js:1:1616)
    at MessagePort.se (https://railway.com/assets/react-dom-CWIgXKDx.js:1:1986)
[    3439ms] Error: Minified React error #418; visit https://reactjs.org/docs/error-decoder.html?invariant=418 for the full message or use the non-minified dev environment for full errors and additional helpful warnings.
    at Va (https://railway.com/assets/react-dom-CWIgXKDx.js:6:4758)
    at Wl (https://railway.com/assets/react-dom-CWIgXKDx.js:8:45043)
    at Pl (https://railway.com/assets/react-dom-CWIgXKDx.js:8:39294)
    at Nl (https://railway.com/assets/react-dom-CWIgXKDx.js:8:39267)
    at vl (https://railway.com/assets/react-dom-CWIgXKDx.js:8:34357)
    at te (https://railway.com/assets/react-dom-CWIgXKDx.js:1:1616)
    at MessagePort.se (https://railway.com/assets/react-dom-CWIgXKDx.js:1:1986)
[    3439ms] Error: Minified React error #418; visit https://reactjs.org/docs/error-decoder.html?invariant=418 for the full message or use the non-minified dev environment for full errors and additional helpful warnings.
    at Va (https://railway.com/assets/react-dom-CWIgXKDx.js:6:4758)
    at Wl (https://railway.com/assets/react-dom-CWIgXKDx.js:8:45043)
    at Pl (https://railway.com/assets/react-dom-CWIgXKDx.js:8:39294)
    at Nl (https://railway.com/assets/react-dom-CWIgXKDx.js:8:39267)
    at vl (https://railway.com/assets/react-dom-CWIgXKDx.js:8:34357)
    at te (https://railway.com/assets/react-dom-CWIgXKDx.js:1:1616)
    at MessagePort.se (https://railway.com/assets/react-dom-CWIgXKDx.js:1:1986)
[    3439ms] Error: Minified React error #418; visit https://reactjs.org/docs/error-decoder.html?invariant=418 for the full message or use the non-minified dev environment for full errors and additional helpful warnings.
    at Va (https://railway.com/assets/react-dom-CWIgXKDx.js:6:4758)
    at Wl (https://railway.com/assets/react-dom-CWIgXKDx.js:8:45043)
    at Pl (https://railway.com/assets/react-dom-CWIgXKDx.js:8:39294)
    at Nl (https://railway.com/assets/react-dom-CWIgXKDx.js:8:39267)
    at vl (https://railway.com/assets/react-dom-CWIgXKDx.js:8:34357)
    at te (https://railway.com/assets/react-dom-CWIgXKDx.js:1:1616)
    at MessagePort.se (https://railway.com/assets/react-dom-CWIgXKDx.js:1:1986)
[    3439ms] Error: Minified React error #418; visit https://reactjs.org/docs/error-decoder.html?invariant=418 for the full message or use the non-minified dev environment for full errors and additional helpful warnings.
    at Va (https://railway.com/assets/react-dom-CWIgXKDx.js:6:4758)
    at Wl (https://railway.com/assets/react-dom-CWIgXKDx.js:8:45043)
    at Pl (https://railway.com/assets/react-dom-CWIgXKDx.js:8:39294)
    at Nl (https://railway.com/assets/react-dom-CWIgXKDx.js:8:39267)
    at vl (https://railway.com/assets/react-dom-CWIgXKDx.js:8:34357)
    at te (https://railway.com/assets/react-dom-CWIgXKDx.js:1:1616)
    at MessagePort.se (https://railway.com/assets/react-dom-CWIgXKDx.js:1:1986)
[    3439ms] Error: Minified React error #418; visit https://reactjs.org/docs/error-decoder.html?invariant=418 for the full message or use the non-minified dev environment for full errors and additional helpful warnings.
    at Va (https://railway.com/assets/react-dom-CWIgXKDx.js:6:4758)
    at Wl (https://railway.com/assets/react-dom-CWIgXKDx.js:8:45043)
    at Pl (https://railway.com/assets/react-dom-CWIgXKDx.js:8:39294)
    at Nl (https://railway.com/assets/react-dom-CWIgXKDx.js:8:39267)
    at vl (https://railway.com/assets/react-dom-CWIgXKDx.js:8:34357)
    at te (https://railway.com/assets/react-dom-CWIgXKDx.js:1:1616)
    at MessagePort.se (https://railway.com/assets/react-dom-CWIgXKDx.js:1:1986)
[    3439ms] Error: Minified React error #418; visit https://reactjs.org/docs/error-decoder.html?invariant=418 for the full message or use the non-minified dev environment for full errors and additional helpful warnings.
    at Va (https://railway.com/assets/react-dom-CWIgXKDx.js:6:4758)
    at Wl (https://railway.com/assets/react-dom-CWIgXKDx.js:8:45043)
    at Pl (https://railway.com/assets/react-dom-CWIgXKDx.js:8:39294)
    at Nl (https://railway.com/assets/react-dom-CWIgXKDx.js:8:39267)
    at vl (https://railway.com/assets/react-dom-CWIgXKDx.js:8:34357)
    at te (https://railway.com/assets/react-dom-CWIgXKDx.js:1:1616)
    at MessagePort.se (https://railway.com/assets/react-dom-CWIgXKDx.js:1:1986)
[    3440ms] Error: Minified React error #418; visit https://reactjs.org/docs/error-decoder.html?invariant=418 for the full message or use the non-minified dev environment for full errors and additional helpful warnings.
    at Va (https://railway.com/assets/react-dom-CWIgXKDx.js:6:4758)
    at Wl (https://railway.com/assets/react-dom-CWIgXKDx.js:8:45043)
    at Pl (https://railway.com/assets/react-dom-CWIgXKDx.js:8:39294)
    at Nl (https://railway.com/assets/react-dom-CWIgXKDx.js:8:39267)
    at vl (https://railway.com/assets/react-dom-CWIgXKDx.js:8:34357)
    at te (https://railway.com/assets/react-dom-CWIgXKDx.js:1:1616)
    at MessagePort.se (https://railway.com/assets/react-dom-CWIgXKDx.js:1:1986)
[    3440ms] Error: Minified React error #418; visit https://reactjs.org/docs/error-decoder.html?invariant=418 for the full message or use the non-minified dev environment for full errors and additional helpful warnings.
    at Va (https://railway.com/assets/react-dom-CWIgXKDx.js:6:4758)
    at Wl (https://railway.com/assets/react-dom-CWIgXKDx.js:8:45043)
    at Pl (https://railway.com/assets/react-dom-CWIgXKDx.js:8:39294)
    at Nl (https://railway.com/assets/react-dom-CWIgXKDx.js:8:39267)
    at vl (https://railway.com/assets/react-dom-CWIgXKDx.js:8:34357)
    at te (https://railway.com/assets/react-dom-CWIgXKDx.js:1:1616)
    at MessagePort.se (https://railway.com/assets/react-dom-CWIgXKDx.js:1:1986)
[    3440ms] Error: Minified React error #418; visit https://reactjs.org/docs/error-decoder.html?invariant=418 for the full message or use the non-minified dev environment for full errors and additional helpful warnings.
    at Va (https://railway.com/assets/react-dom-CWIgXKDx.js:6:4758)
    at Wl (https://railway.com/assets/react-dom-CWIgXKDx.js:8:45043)
    at Pl (https://railway.com/assets/react-dom-CWIgXKDx.js:8:39294)
    at Nl (https://railway.com/assets/react-dom-CWIgXKDx.js:8:39267)
    at vl (https://railway.com/assets/react-dom-CWIgXKDx.js:8:34357)
    at te (https://railway.com/assets/react-dom-CWIgXKDx.js:1:1616)
    at MessagePort.se (https://railway.com/assets/react-dom-CWIgXKDx.js:1:1986)
[    3440ms] Error: Minified React error #418; visit https://reactjs.org/docs/error-decoder.html?invariant=418 for the full message or use the non-minified dev environment for full errors and additional helpful warnings.
    at Va (https://railway.com/assets/react-dom-CWIgXKDx.js:6:4758)
    at Wl (https://railway.com/assets/react-dom-CWIgXKDx.js:8:45043)
    at Pl (https://railway.com/assets/react-dom-CWIgXKDx.js:8:39294)
    at Nl (https://railway.com/assets/react-dom-CWIgXKDx.js:8:39267)
    at vl (https://railway.com/assets/react-dom-CWIgXKDx.js:8:34357)
    at te (https://railway.com/assets/react-dom-CWIgXKDx.js:1:1616)
    at MessagePort.se (https://railway.com/assets/react-dom-CWIgXKDx.js:1:1986)
[    3440ms] Error: Minified React error #418; visit https://reactjs.org/docs/error-decoder.html?invariant=418 for the full message or use the non-minified dev environment for full errors and additional helpful warnings.
    at Va (https://railway.com/assets/react-dom-CWIgXKDx.js:6:4758)
    at Wl (https://railway.com/assets/react-dom-CWIgXKDx.js:8:45043)
    at Pl (https://railway.com/assets/react-dom-CWIgXKDx.js:8:39294)
    at Nl (https://railway.com/assets/react-dom-CWIgXKDx.js:8:39267)
    at vl (https://railway.com/assets/react-dom-CWIgXKDx.js:8:34357)
    at te (https://railway.com/assets/react-dom-CWIgXKDx.js:1:1616)
    at MessagePort.se (https://railway.com/assets/react-dom-CWIgXKDx.js:1:1986)
[    3440ms] Error: Minified React error #418; visit https://reactjs.org/docs/error-decoder.html?invariant=418 for the full message or use the non-minified dev environment for full errors and additional helpful warnings.
    at Va (https://railway.com/assets/react-dom-CWIgXKDx.js:6:4758)
    at Wl (https://railway.com/assets/react-dom-CWIgXKDx.js:8:45043)
    at Pl (https://railway.com/assets/react-dom-CWIgXKDx.js:8:39294)
    at Nl (https://railway.com/assets/react-dom-CWIgXKDx.js:8:39267)
    at vl (https://railway.com/assets/react-dom-CWIgXKDx.js:8:34357)
    at te (https://railway.com/assets/react-dom-CWIgXKDx.js:1:1616)
    at MessagePort.se (https://railway.com/assets/react-dom-CWIgXKDx.js:1:1986)
[    3440ms] Error: Minified React error #418; visit https://reactjs.org/docs/error-decoder.html?invariant=418 for the full message or use the non-minified dev environment for full errors and additional helpful warnings.
    at Va (https://railway.com/assets/react-dom-CWIgXKDx.js:6:4758)
    at Wl (https://railway.com/assets/react-dom-CWIgXKDx.js:8:45043)
    at Pl (https://railway.com/assets/react-dom-CWIgXKDx.js:8:39294)
    at Nl (https://railway.com/assets/react-dom-CWIgXKDx.js:8:39267)
    at vl (https://railway.com/assets/react-dom-CWIgXKDx.js:8:34357)
    at te (https://railway.com/assets/react-dom-CWIgXKDx.js:1:1616)
    at MessagePort.se (https://railway.com/assets/react-dom-CWIgXKDx.js:1:1986)
[    3440ms] Error: Minified React error #418; visit https://reactjs.org/docs/error-decoder.html?invariant=418 for the full message or use the non-minified dev environment for full errors and additional helpful warnings.
    at Va (https://railway.com/assets/react-dom-CWIgXKDx.js:6:4758)
    at Wl (https://railway.com/assets/react-dom-CWIgXKDx.js:8:45043)
    at Pl (https://railway.com/assets/react-dom-CWIgXKDx.js:8:39294)
    at Nl (https://railway.com/assets/react-dom-CWIgXKDx.js:8:39267)
    at vl (https://railway.com/assets/react-dom-CWIgXKDx.js:8:34357)
    at te (https://railway.com/assets/react-dom-CWIgXKDx.js:1:1616)
    at MessagePort.se (https://railway.com/assets/react-dom-CWIgXKDx.js:1:1986)
[    3440ms] Error: Minified React error #418; visit https://reactjs.org/docs/error-decoder.html?invariant=418 for the full message or use the non-minified dev environment for full errors and additional helpful warnings.
    at Va (https://railway.com/assets/react-dom-CWIgXKDx.js:6:4758)
    at Wl (https://railway.com/assets/react-dom-CWIgXKDx.js:8:45043)
    at Pl (https://railway.com/assets/react-dom-CWIgXKDx.js:8:39294)
    at Nl (https://railway.com/assets/react-dom-CWIgXKDx.js:8:39267)
    at vl (https://railway.com/assets/react-dom-CWIgXKDx.js:8:34357)
    at te (https://railway.com/assets/react-dom-CWIgXKDx.js:1:1616)
    at MessagePort.se (https://railway.com/assets/react-dom-CWIgXKDx.js:1:1986)
[    3440ms] Error: Minified React error #418; visit https://reactjs.org/docs/error-decoder.html?invariant=418 for the full message or use the non-minified dev environment for full errors and additional helpful warnings.
    at Va (https://railway.com/assets/react-dom-CWIgXKDx.js:6:4758)
    at Wl (https://railway.com/assets/react-dom-CWIgXKDx.js:8:45043)
    at Pl (https://railway.com/assets/react-dom-CWIgXKDx.js:8:39294)
    at Nl (https://railway.com/assets/react-dom-CWIgXKDx.js:8:39267)
    at vl (https://railway.com/assets/react-dom-CWIgXKDx.js:8:34357)
    at te (https://railway.com/assets/react-dom-CWIgXKDx.js:1:1616)
    at MessagePort.se (https://railway.com/assets/react-dom-CWIgXKDx.js:1:1986)
[    3440ms] Error: Minified React error #418; visit https://reactjs.org/docs/error-decoder.html?invariant=418 for the full message or use the non-minified dev environment for full errors and additional helpful warnings.
    at Va (https://railway.com/assets/react-dom-CWIgXKDx.js:6:4758)
    at Wl (https://railway.com/assets/react-dom-CWIgXKDx.js:8:45043)
    at Pl (https://railway.com/assets/react-dom-CWIgXKDx.js:8:39294)
    at Nl (https://railway.com/assets/react-dom-CWIgXKDx.js:8:39267)
    at vl (https://railway.com/assets/react-dom-CWIgXKDx.js:8:34357)
    at te (https://railway.com/assets/react-dom-CWIgXKDx.js:1:1616)
    at MessagePort.se (https://railway.com/assets/react-dom-CWIgXKDx.js:1:1986)
[    3440ms] Error: Minified React error #418; visit https://reactjs.org/docs/error-decoder.html?invariant=418 for the full message or use the non-minified dev environment for full errors and additional helpful warnings.
    at Va (https://railway.com/assets/react-dom-CWIgXKDx.js:6:4758)
    at Wl (https://railway.com/assets/react-dom-CWIgXKDx.js:8:45043)
    at Pl (https://railway.com/assets/react-dom-CWIgXKDx.js:8:39294)
    at Nl (https://railway.com/assets/react-dom-CWIgXKDx.js:8:39267)
    at vl (https://railway.com/assets/react-dom-CWIgXKDx.js:8:34357)
    at te (https://railway.com/assets/react-dom-CWIgXKDx.js:1:1616)
    at MessagePort.se (https://railway.com/assets/react-dom-CWIgXKDx.js:1:1986)
[    3441ms] Error: Minified React error #418; visit https://reactjs.org/docs/error-decoder.html?invariant=418 for the full message or use the non-minified dev environment for full errors and additional helpful warnings.
    at Va (https://railway.com/assets/react-dom-CWIgXKDx.js:6:4758)
    at Wl (https://railway.com/assets/react-dom-CWIgXKDx.js:8:45043)
    at Pl (https://railway.com/assets/react-dom-CWIgXKDx.js:8:39294)
    at Nl (https://railway.com/assets/react-dom-CWIgXKDx.js:8:39267)
    at vl (https://railway.com/assets/react-dom-CWIgXKDx.js:8:34357)
    at te (https://railway.com/assets/react-dom-CWIgXKDx.js:1:1616)
    at MessagePort.se (https://railway.com/assets/react-dom-CWIgXKDx.js:1:1986)
[    3441ms] Error: Minified React error #418; visit https://reactjs.org/docs/error-decoder.html?invariant=418 for the full message or use the non-minified dev environment for full errors and additional helpful warnings.
    at Va (https://railway.com/assets/react-dom-CWIgXKDx.js:6:4758)
    at Wl (https://railway.com/assets/react-dom-CWIgXKDx.js:8:45043)
    at Pl (https://railway.com/assets/react-dom-CWIgXKDx.js:8:39294)
    at Nl (https://railway.com/assets/react-dom-CWIgXKDx.js:8:39267)
    at vl (https://railway.com/assets/react-dom-CWIgXKDx.js:8:34357)
    at te (https://railway.com/assets/react-dom-CWIgXKDx.js:1:1616)
    at MessagePort.se (https://railway.com/assets/react-dom-CWIgXKDx.js:1:1986)
[    3441ms] Error: Minified React error #418; visit https://reactjs.org/docs/error-decoder.html?invariant=418 for the full message or use the non-minified dev environment for full errors and additional helpful warnings.
    at Va (https://railway.com/assets/react-dom-CWIgXKDx.js:6:4758)
    at Wl (https://railway.com/assets/react-dom-CWIgXKDx.js:8:45043)
    at Pl (https://railway.com/assets/react-dom-CWIgXKDx.js:8:39294)
    at Nl (https://railway.com/assets/react-dom-CWIgXKDx.js:8:39267)
    at vl (https://railway.com/assets/react-dom-CWIgXKDx.js:8:34357)
    at te (https://railway.com/assets/react-dom-CWIgXKDx.js:1:1616)
    at MessagePort.se (https://railway.com/assets/react-dom-CWIgXKDx.js:1:1986)
[    3441ms] Error: Minified React error #418; visit https://reactjs.org/docs/error-decoder.html?invariant=418 for the full message or use the non-minified dev environment for full errors and additional helpful warnings.
    at Va (https://railway.com/assets/react-dom-CWIgXKDx.js:6:4758)
    at Wl (https://railway.com/assets/react-dom-CWIgXKDx.js:8:45043)
    at Pl (https://railway.com/assets/react-dom-CWIgXKDx.js:8:39294)
    at Nl (https://railway.com/assets/react-dom-CWIgXKDx.js:8:39267)
    at vl (https://railway.com/assets/react-dom-CWIgXKDx.js:8:34357)
    at te (https://railway.com/assets/react-dom-CWIgXKDx.js:1:1616)
    at MessagePort.se (https://railway.com/assets/react-dom-CWIgXKDx.js:1:1986)
[    3441ms] Error: Minified React error #418; visit https://reactjs.org/docs/error-decoder.html?invariant=418 for the full message or use the non-minified dev environment for full errors and additional helpful warnings.
    at Va (https://railway.com/assets/react-dom-CWIgXKDx.js:6:4758)
    at Wl (https://railway.com/assets/react-dom-CWIgXKDx.js:8:45043)
    at Pl (https://railway.com/assets/react-dom-CWIgXKDx.js:8:39294)
    at Nl (https://railway.com/assets/react-dom-CWIgXKDx.js:8:39267)
    at vl (https://railway.com/assets/react-dom-CWIgXKDx.js:8:34357)
    at te (https://railway.com/assets/react-dom-CWIgXKDx.js:1:1616)
    at MessagePort.se (https://railway.com/assets/react-dom-CWIgXKDx.js:1:1986)
[    3441ms] Error: Minified React error #423; visit https://reactjs.org/docs/error-decoder.html?invariant=423 for the full message or use the non-minified dev environment for full errors and additional helpful warnings.
    at Wl (https://railway.com/assets/react-dom-CWIgXKDx.js:8:44706)
    at Pl (https://railway.com/assets/react-dom-CWIgXKDx.js:8:39294)
    at Ml (https://railway.com/assets/react-dom-CWIgXKDx.js:8:39225)
    at jl (https://railway.com/assets/react-dom-CWIgXKDx.js:8:39085)
    at yl (https://railway.com/assets/react-dom-CWIgXKDx.js:8:35523)
    at vl (https://railway.com/assets/react-dom-CWIgXKDx.js:8:34489)
    at te (https://railway.com/assets/react-dom-CWIgXKDx.js:1:1616)
    at MessagePort.se (https://railway.com/assets/react-dom-CWIgXKDx.js:1:1986)
[   14677ms] [WARNING] The resource https://fonts.gstatic.com/s/ibmplexserif/v19/jizDREVNn1dOx-zrZ2X3pZvkTiUQ6SF-lPKgqWVL.woff2 was preloaded using link preload but not used within a few seconds from the window's load event. Please make sure it has an appropriate `as` value and it is preloaded intentionally. @ https://railway.com/project/e87fe86f-10d5-41db-b738-99fb631f99f5:0
[   37096ms] [WARNING] The resource https://fonts.gstatic.com/s/ibmplexserif/v19/jizDREVNn1dOx-zrZ2X3pZvkTiUQ6SF-lPKgqWVL.woff2 was preloaded using link preload but not used within a few seconds from the window's load event. Please make sure it has an appropriate `as` value and it is preloaded intentionally. @ https://railway.com/project/e87fe86f-10d5-41db-b738-99fb631f99f5:0
[   42902ms] [WARNING] The resource https://fonts.gstatic.com/s/ibmplexserif/v19/jizDREVNn1dOx-zrZ2X3pZvkTiUQ6SF-lPKgqWVL.woff2 was preloaded using link preload but not used within a few seconds from the window's load event. Please make sure it has an appropriate `as` value and it is preloaded intentionally. @ https://railway.com/project/e87fe86f-10d5-41db-b738-99fb631f99f5:0
